--
-- PostgreSQL database dump
--

SET statement_timeout = 0;
SET lock_timeout = 0;
SET client_encoding = 'UTF8';
SET standard_conforming_strings = on;
SET check_function_bodies = false;
SET client_min_messages = warning;

--
-- Name: scltest_sg_we2016_gr8; Type: DATABASE; Schema: -; Owner: -
--

CREATE DATABASE scltest_sg_we2016_gr8 WITH TEMPLATE = template0 ENCODING = 'UTF8' LC_COLLATE = 'de_DE.UTF-8' LC_CTYPE = 'de_DE.UTF-8';


\connect scltest_sg_we2016_gr8

SET statement_timeout = 0;
SET lock_timeout = 0;
SET client_encoding = 'UTF8';
SET standard_conforming_strings = on;
SET check_function_bodies = false;
SET client_min_messages = warning;

--
-- Name: plpgsql; Type: EXTENSION; Schema: -; Owner: -
--

CREATE EXTENSION IF NOT EXISTS plpgsql WITH SCHEMA pg_catalog;


--
-- Name: EXTENSION plpgsql; Type: COMMENT; Schema: -; Owner: -
--

COMMENT ON EXTENSION plpgsql IS 'PL/pgSQL procedural language';


SET search_path = public, pg_catalog;

SET default_tablespace = '';

SET default_with_oids = false;

--
-- Name: analyzer; Type: TABLE; Schema: public; Owner: -; Tablespace: 
--

CREATE TABLE analyzer (
    id integer NOT NULL,
    disabled boolean NOT NULL,
    name character varying(50) NOT NULL,
    token character varying(255) NOT NULL
);


--
-- Name: analyzerresult; Type: TABLE; Schema: public; Owner: -; Tablespace: 
--

CREATE TABLE analyzerresult (
    date timestamp without time zone,
    value integer NOT NULL,
    newsentry_id character varying(255) NOT NULL,
    analyzer_id integer NOT NULL
);


--
-- Name: analyzersentenceresult; Type: TABLE; Schema: public; Owner: -; Tablespace: 
--

CREATE TABLE analyzersentenceresult (
    charstart integer NOT NULL,
    charend integer NOT NULL,
    value integer NOT NULL,
    analyzerresult_newsentry_id character varying(255) NOT NULL,
    analyzerresult_analyzer_id integer NOT NULL
);


--
-- Name: crawler; Type: TABLE; Schema: public; Owner: -; Tablespace: 
--

CREATE TABLE crawler (
    id integer NOT NULL,
    disabled boolean NOT NULL,
    ignoreanalyzer boolean NOT NULL,
    name character varying(50) NOT NULL,
    token character varying(255) NOT NULL
);


--
-- Name: groupset; Type: TABLE; Schema: public; Owner: -; Tablespace: 
--

CREATE TABLE groupset (
    id integer NOT NULL,
    name character varying(50)
);


--
-- Name: groupset_analyzer; Type: TABLE; Schema: public; Owner: -; Tablespace: 
--

CREATE TABLE groupset_analyzer (
    groupsets_id integer NOT NULL,
    analyzers_id integer NOT NULL
);


--
-- Name: hibernate_sequence; Type: SEQUENCE; Schema: public; Owner: -
--

CREATE SEQUENCE hibernate_sequence
    START WITH 1
    INCREMENT BY 1
    NO MINVALUE
    NO MAXVALUE
    CACHE 1;


--
-- Name: newsentry; Type: TABLE; Schema: public; Owner: -; Tablespace: 
--

CREATE TABLE newsentry (
    id character varying(255) NOT NULL,
    content character varying(10485760) NOT NULL,
    date timestamp without time zone,
    image character varying(512),
    rating integer NOT NULL,
    source character varying(255),
    title character varying(1024),
    url character varying(512),
    crawler_id integer NOT NULL
);


--
-- Name: view; Type: TABLE; Schema: public; Owner: -; Tablespace: 
--

CREATE TABLE view (
    id integer NOT NULL,
    description character varying(1024),
    name character varying(50) NOT NULL
);


--
-- Name: view_crawler; Type: TABLE; Schema: public; Owner: -; Tablespace: 
--

CREATE TABLE view_crawler (
    views_id integer NOT NULL,
    crawlers_id integer NOT NULL
);


--
-- Name: view_groupset; Type: TABLE; Schema: public; Owner: -; Tablespace: 
--

CREATE TABLE view_groupset (
    views_id integer NOT NULL,
    groupsets_id integer NOT NULL
);


--
-- Data for Name: analyzer; Type: TABLE DATA; Schema: public; Owner: -
--

COPY analyzer (id, disabled, name, token) FROM stdin;
3	f	Random Analyzer 1	56589lt5app3bmvoggxt46ajor6z5vfgpnmpk50wbdnuexywrk9
4	f	Random Analyzer 2	da39a3ee5e6b4b0d5255bfef95601890afd80709
5	f	Test Analyzer	dn63vosi7z8nibej9ovl5wmipxkxrubdcuf4qu72qpkacerk9
\.


--
-- Data for Name: analyzerresult; Type: TABLE DATA; Schema: public; Owner: -
--

COPY analyzerresult (date, value, newsentry_id, analyzer_id) FROM stdin;
2017-01-09 13:13:17.862	95	2d8929eeae77255a1d943cad4d35e5eb	4
2017-01-09 13:13:17.861	-87	5d9f81f08f8f89315bba5a2ba68f657d	4
2017-01-09 13:13:17.86	-95	3a79190b93c3b7bf04c648eacc22d9f8	4
2017-01-09 11:43:42.909	-17	6630584b82a6a60b53efaa5b816a028f	4
2017-01-09 13:13:17.863	44	097c648c3d32522e098d75f3dc919fbf	4
2017-01-09 13:13:17.867	-25	ba384e1097c039740830ecbedaeba12f	5
2017-01-09 13:13:17.869	5	65aa3704f06d2f965206f8c96f07b5bd	5
2017-01-09 13:13:17.869	42	d39022806cd662bde803d708ff622ffe	5
2017-01-09 13:13:17.87	-85	0b2fef1148811d82e3320880780e107d	5
2017-01-09 13:13:17.877	-71	ba384e1097c039740830ecbedaeba12f	3
2017-01-09 13:13:17.878	-53	37e61d1b270559bea728ede351e4d134	3
2017-01-09 13:13:17.878	-49	49fda3327119820503ae9b467991853a	3
2017-01-09 13:13:17.88	44	2d8929eeae77255a1d943cad4d35e5eb	3
2017-01-09 13:13:17.881	-6	097c648c3d32522e098d75f3dc919fbf	3
2017-01-09 13:13:20.232	-60	9db95b0848c196b20c90f5b08ed60cd4	3
2017-01-09 13:13:20.233	-35	8171aca1c3f6ad81b8e1f7cfdbbe72a4	3
2017-01-09 11:43:42.915	-32	02c2bbe4930071373277851de39b2fe9	4
2017-01-09 13:13:20.234	55	ad5168bf4cccf0a630862e848783c73c	3
2017-01-09 13:13:20.235	-17	0f9d98b3f32c7d2fcdac9cdc6182cb5e	3
2017-01-09 13:13:20.275	82	726278350ef90c2569ddab99036c2547	4
2017-01-09 11:43:42.922	15	6630584b82a6a60b53efaa5b816a028f	3
2017-01-09 13:13:20.278	28	a12a2857bdbfa4777adab9bbfa786c0f	4
2017-01-09 13:13:20.279	-38	b0bfb920a4f4182d9955d7a15ae86699	4
2017-01-09 13:13:20.288	59	5ab7f05b16947873bc455d5a6d3e1148	5
2017-01-09 13:13:20.29	16	419aea533c3bcd1d7dff06f5bdb44ec0	5
2017-01-09 13:13:20.292	-45	2753a89206837ec6ebe7c45ea6fc3832	5
2017-01-09 13:13:20.293	-10	916236537a3b3d19ea72d0e5a86d86a5	5
2017-01-09 13:13:20.294	-6	a52984f3a9c3fad7be89325db5f25876	5
2017-01-09 13:13:22.21	-58	d4a7ce3d706859bde1208ddac67ceeb7	3
2017-01-09 13:13:22.213	27	41568380557d5cbcd153edd1386fa023	3
2017-01-09 13:13:22.215	-29	1e391166cd6dcd39841f403e28a8f063	3
2017-01-09 13:13:22.217	39	dfab96fcd4731d00c5cab4a6ec2fe4ee	5
2017-01-09 13:13:22.213	36	3f6b4168be77cfb7b27678c64178ba3f	3
2017-01-09 13:13:22.219	-69	d99afeecbf1b33b8ad09c1cb26604c11	5
2017-01-09 13:13:22.22	-7	deaa95b682d5433315504d0de19663d2	5
2017-01-09 13:13:22.22	36	41568380557d5cbcd153edd1386fa023	5
2017-01-09 13:13:22.222	-83	2c4e23122fcbad4480914094ed4d3d31	5
2017-01-09 13:13:22.225	-30	f3e89efb839f102f358f690f0551f464	5
2017-01-09 13:13:22.238	94	dfab96fcd4731d00c5cab4a6ec2fe4ee	4
2017-01-09 11:43:42.927	7	02c2bbe4930071373277851de39b2fe9	3
2017-01-09 13:13:22.24	30	41568380557d5cbcd153edd1386fa023	4
2017-01-09 11:43:42.931	63	6630584b82a6a60b53efaa5b816a028f	5
2017-01-09 13:13:22.241	93	90185c058d11e245cf8104562925f276	4
2017-01-09 13:13:22.241	20	1e391166cd6dcd39841f403e28a8f063	4
2017-01-09 13:13:24.165	-2	6154494f525645359d975fe81801878a	4
2017-01-09 13:13:24.165	39	5897adc6d709f87aece65521ee889b85	4
2017-01-09 13:13:24.166	2	bdfb27b02f672cfd3c01b3c36e4f7002	4
2017-01-09 13:13:24.167	43	3e49f4344ad3d39b8c691b48b9c0417a	4
2017-01-09 13:13:24.17	-31	07334a246eca545e7fb1eedce939ce81	3
2017-01-09 13:13:24.171	67	5897adc6d709f87aece65521ee889b85	3
2017-01-09 13:13:24.173	-67	bdfb27b02f672cfd3c01b3c36e4f7002	3
2017-01-09 13:13:24.171	-75	6154494f525645359d975fe81801878a	3
2017-01-09 13:13:24.182	-42	9ce9938322eb60482aa9b472c5a38c0e	5
2017-01-09 13:13:24.183	62	00cd2f86ed0602f017dc07f4aa46b1f8	5
2017-01-09 11:43:42.935	-56	02c2bbe4930071373277851de39b2fe9	5
2017-01-09 13:13:24.18	8	8208b08a7bafe2f31718c2dbddf98544	5
2017-01-09 13:13:24.182	13	07334a246eca545e7fb1eedce939ce81	5
2017-01-09 13:13:24.184	-14	7e0d809f6f6f6ea6fae52cdb36488917	5
2017-01-09 13:13:26.138	60	4895fcc2d42f73505356826c35f1f621	3
2017-01-09 13:13:26.141	-9	343ac788ce8c3cff21b0f31bcfef7435	3
2017-01-09 13:13:26.142	57	13aed80bd72e2bf173ea6d932b4cc245	3
2017-01-09 13:13:26.141	38	1ca6c29121511b67cad62a11ee4a189f	3
2017-01-09 13:13:26.189	95	4895fcc2d42f73505356826c35f1f621	5
2017-01-09 13:13:26.194	-27	974ca607685171fc4650938ef02cd642	5
2017-01-09 13:13:26.196	45	dd94f0c40b0943bee4deb0772a69173f	5
2017-01-09 13:13:26.2	98	dd551c7706d025cdbbd7165a6a9294e0	5
2017-01-09 13:13:26.201	-63	54d28893d988398ef46ad62a2bbb04b6	4
2017-01-09 13:13:26.202	-68	8f58e0455f9119fe0988e9e357589af0	4
2017-01-09 13:13:26.202	-42	8a8bce6d3a9ccd1ff836435d0c04a482	4
2017-01-09 11:43:52.359	-48	7938af88a5da93011ba7dec9077d60c7	5
2017-01-09 13:13:26.203	-91	b918aa327d84ba9b0e23b3c72333d955	4
2017-01-09 13:13:27.924	-8	3071d9741c6b3c5348d161ef260bc590	4
2017-01-09 11:43:52.359	-20	24f282039a161ea1916c22bfe6f00f87	5
2017-01-09 13:13:27.927	-71	08a7d2dff25750f03380ed9fd2e9aa0b	4
2017-01-09 13:13:27.928	-46	9b9e351b4b804fdba0eacd8fd0ffbbef	4
2017-01-09 13:13:27.929	79	b867bffc12d9a80c228afc2e09e90cc5	4
2017-01-09 13:13:27.931	40	c07ce8ef88dafef0e66a8ac288e00d61	4
2017-01-09 13:13:27.931	-17	6dc6adb9adf7c61382e0ec08a3e29263	4
2017-01-09 13:13:27.934	-14	c0a9a8cb959eabe9532fee0dc4dd1050	3
2017-01-09 13:13:27.935	17	99682896c255e8ba6960d5c92c58a4d7	3
2017-01-09 13:13:27.937	-61	b867bffc12d9a80c228afc2e09e90cc5	3
2017-01-09 13:13:27.937	11	3b26d0e1b027911e0debab5f1b8b524d	3
2017-01-09 13:13:27.941	-54	4ee6b53b38f5dcec18db2186401dbcfa	3
2017-01-09 13:13:27.933	32	3071d9741c6b3c5348d161ef260bc590	3
2017-01-09 13:13:27.947	-22	b7ed8af6e18a32ad33eeec2f0d07c46e	5
2017-01-09 13:13:27.948	-7	41c554273d3b645329bbbff4175c5024	5
2017-01-09 11:43:52.368	-25	24f282039a161ea1916c22bfe6f00f87	3
2017-01-09 11:43:52.369	-80	7938af88a5da93011ba7dec9077d60c7	3
2017-01-09 13:13:17.86	51	37e61d1b270559bea728ede351e4d134	4
2017-01-09 13:13:17.861	-30	65aa3704f06d2f965206f8c96f07b5bd	4
2017-01-09 13:13:17.861	-66	49fda3327119820503ae9b467991853a	4
2017-01-09 13:13:17.862	82	69272f60328914072ef167551efeda4c	4
2017-01-09 13:13:17.863	-47	a5995112b9dff420916ddaf9aa1ff98f	4
2017-01-09 13:13:17.867	80	1c04616f3994fa6df9774e03d96083ed	5
2017-01-09 13:13:17.871	-4	b7ac293e7f231629f4d4129098440116	5
2017-01-09 13:13:17.871	68	69272f60328914072ef167551efeda4c	5
2017-01-09 11:43:54.397	-12	6fcf3b56555ea19c44152fd7c2070999	5
2017-01-09 13:13:17.875	45	097c648c3d32522e098d75f3dc919fbf	5
2017-01-09 13:13:17.872	-32	a5995112b9dff420916ddaf9aa1ff98f	5
2017-01-09 13:13:17.878	84	65aa3704f06d2f965206f8c96f07b5bd	3
2017-01-09 13:13:17.88	-34	88d2b6f4e483731c886c129d4f6b89d3	3
2017-01-09 13:13:17.881	60	b84cdb5f03832e11a2dd2f15fbf3f037	3
2017-01-09 13:13:17.88	-17	5d9f81f08f8f89315bba5a2ba68f657d	3
2017-01-09 13:13:20.231	-9	5ab7f05b16947873bc455d5a6d3e1148	3
2017-01-09 13:13:20.232	23	419aea533c3bcd1d7dff06f5bdb44ec0	3
2017-01-09 13:13:20.233	36	a12a2857bdbfa4777adab9bbfa786c0f	3
2017-01-09 13:13:20.234	73	7e7f8f5ce23dcf15c4352eee848e8eaf	3
2017-01-09 13:13:20.276	-19	419aea533c3bcd1d7dff06f5bdb44ec0	4
2017-01-09 11:43:54.416	65	94d85434fbd7183e35f7b7d92f0f53c3	4
2017-01-09 13:13:20.277	43	0f4e291a4ab65943007a65cd38028fc4	4
2017-01-09 13:13:20.279	19	77ca46aa94c888a6208d4b6c11f20e62	4
2017-01-09 13:13:20.283	-72	7672ea061d13e276fd9a97dab551e74c	4
2017-01-09 13:13:20.282	60	6a15ca49a0909723fd251993125873ab	4
2017-01-09 13:13:20.292	33	77ca46aa94c888a6208d4b6c11f20e62	5
2017-01-09 13:13:20.293	29	6a15ca49a0909723fd251993125873ab	5
2017-01-09 11:43:56.475	35	cefffd7058ac48c40eaacf367bc80fe1	3
2017-01-09 13:13:20.281	-14	7e7f8f5ce23dcf15c4352eee848e8eaf	4
2017-01-09 13:13:20.292	10	0ba2d21b896b646230ef77578c0ea11a	5
2017-01-09 13:13:22.212	-57	2313e172dd5bdfb480f8f10644d4ef92	3
2017-01-09 13:13:22.213	76	aacbb30dad10839bf579923233172e0e	3
2017-01-09 11:43:56.49	94	88f1da4fb7538662c977bd3eb76dc883	4
2017-01-09 13:13:22.213	-57	deaa95b682d5433315504d0de19663d2	3
2017-01-09 11:43:56.491	79	cefffd7058ac48c40eaacf367bc80fe1	4
2017-01-09 13:13:22.214	95	286c5e5f37fabb77e25b0a149a6bfb7f	3
2017-01-09 13:13:22.215	67	90185c058d11e245cf8104562925f276	3
2017-01-09 13:13:22.217	45	569c3a6cfa0ae9a2b86bbdb2bcfe972c	5
2017-01-09 13:13:22.219	75	f5d9b328c5c6bf21a76ef7b4fe5ba6d5	5
2017-01-09 13:13:22.22	33	aacbb30dad10839bf579923233172e0e	5
2017-01-09 13:13:22.238	-35	569c3a6cfa0ae9a2b86bbdb2bcfe972c	4
2017-01-09 13:13:22.239	-66	2313e172dd5bdfb480f8f10644d4ef92	4
2017-01-09 13:13:22.24	20	6b3448c4bc757f599f521a9b56ce2109	4
2017-01-09 13:13:22.239	-22	f7b1a2f526a38d1d39135998e5c0437e	4
2017-01-09 13:13:22.241	-38	f3e89efb839f102f358f690f0551f464	4
2017-01-09 13:13:24.164	66	f8dcaa9e4dd9dbe1d9ff5027236e66d8	4
2017-01-09 13:13:24.164	-83	cc669e9119b368e579d793b5a4e21881	4
2017-01-09 13:13:24.167	-73	8a5aa55c91a073428399716e6905db6a	4
2017-01-09 13:13:24.167	-72	177dddf8903103d347127690901187a3	4
2017-01-09 13:13:24.17	16	9ce9938322eb60482aa9b472c5a38c0e	3
2017-01-09 13:13:24.172	-20	24197448f9055e968d37a2a802c0852d	3
2017-01-09 13:13:24.17	7	f8dcaa9e4dd9dbe1d9ff5027236e66d8	3
2017-01-09 13:13:24.183	-73	bdfb27b02f672cfd3c01b3c36e4f7002	5
2017-01-09 13:13:24.183	91	6154494f525645359d975fe81801878a	5
2017-01-09 13:13:24.184	57	0f5ac1fdac8b38f5ccfa34f091a92920	5
2017-01-09 13:13:24.182	73	cc669e9119b368e579d793b5a4e21881	5
2017-01-09 13:13:24.175	53	0f5ac1fdac8b38f5ccfa34f091a92920	3
2017-01-09 13:13:24.184	12	8a5aa55c91a073428399716e6905db6a	5
2017-01-09 13:13:26.14	77	8141794ddd271415643a75136c4df7ed	3
2017-01-09 13:13:26.141	-27	5df096076bdf0126daaa873db6c96c6c	3
2017-01-09 13:13:26.144	81	7e7e6b7126c4f0c782abb8db29cca6cd	3
2017-01-09 13:13:26.144	30	9aa2a8b28f4204bc48b27a4199fc1c3b	3
2017-01-09 13:13:26.144	22	b918aa327d84ba9b0e23b3c72333d955	3
2017-01-09 13:13:26.192	-94	343ac788ce8c3cff21b0f31bcfef7435	5
2017-01-09 13:13:26.197	-9	7e7e6b7126c4f0c782abb8db29cca6cd	5
2017-01-09 13:13:26.2	-2	460ed5c68861387833285470d856acbc	5
2017-01-09 13:13:26.202	-91	1ca6c29121511b67cad62a11ee4a189f	4
2017-01-09 13:13:26.202	-74	974ca607685171fc4650938ef02cd642	4
2017-01-09 13:13:26.203	0	7e7e6b7126c4f0c782abb8db29cca6cd	4
2017-01-09 13:13:26.205	78	dd551c7706d025cdbbd7165a6a9294e0	4
2017-01-09 13:13:27.926	-29	c0a9a8cb959eabe9532fee0dc4dd1050	4
2017-01-09 13:13:27.928	-19	577e0dc01646ee6faaa64c438cdf6c28	4
2017-01-09 13:13:27.93	-37	1d862d9ae54c432f50c139255ec0398c	4
2017-01-09 13:13:27.934	95	08a7d2dff25750f03380ed9fd2e9aa0b	3
2017-01-09 13:13:27.936	-88	577e0dc01646ee6faaa64c438cdf6c28	3
2017-01-09 13:13:27.936	-61	9b9e351b4b804fdba0eacd8fd0ffbbef	3
2017-01-09 13:13:27.943	-8	c0a9a8cb959eabe9532fee0dc4dd1050	5
2017-01-09 13:13:27.944	25	b920fbf63d7591f9156dfb48a5bd95a1	5
2017-01-09 13:13:27.946	31	f526d5ef3b4579c71d5691ba3169a545	5
2017-01-09 13:13:27.947	41	577e0dc01646ee6faaa64c438cdf6c28	5
2017-01-09 13:13:27.948	-77	c07ce8ef88dafef0e66a8ac288e00d61	5
2017-01-09 13:13:27.948	-9	6dc6adb9adf7c61382e0ec08a3e29263	5
2017-01-09 13:13:17.857	-17	0399c0d8b0f85c81bf314576fff32fac	4
2017-01-09 13:13:17.861	15	ad5fc795ae28a06d7f7da8721b19ced3	4
2017-01-09 11:43:52.378	1	24f282039a161ea1916c22bfe6f00f87	4
2017-01-09 13:13:17.86	67	d39022806cd662bde803d708ff622ffe	4
2017-01-09 13:13:17.863	95	b84cdb5f03832e11a2dd2f15fbf3f037	4
2017-01-09 13:13:17.866	-67	0399c0d8b0f85c81bf314576fff32fac	5
2017-01-09 13:13:17.869	19	49fda3327119820503ae9b467991853a	5
2017-01-09 13:13:17.87	-11	5d9f81f08f8f89315bba5a2ba68f657d	5
2017-01-09 13:13:17.875	37	b84cdb5f03832e11a2dd2f15fbf3f037	5
2017-01-09 13:13:17.878	-2	374b5c98c561a380a4b9c5ecff3c3417	3
2017-01-09 13:13:17.88	-42	69272f60328914072ef167551efeda4c	3
2017-01-09 13:13:17.881	-54	b7ac293e7f231629f4d4129098440116	3
2017-01-09 13:13:20.232	27	0f4e291a4ab65943007a65cd38028fc4	3
2017-01-09 13:13:20.233	-23	77ca46aa94c888a6208d4b6c11f20e62	3
2017-01-09 13:13:20.234	24	916236537a3b3d19ea72d0e5a86d86a5	3
2017-01-09 13:13:20.235	-87	2b26a3061f7c1ede69ae3257fe7ac767	3
2017-01-09 11:43:56.473	-56	88f1da4fb7538662c977bd3eb76dc883	3
2017-01-09 13:13:20.276	-4	9db95b0848c196b20c90f5b08ed60cd4	4
2017-01-09 13:13:20.278	-95	8171aca1c3f6ad81b8e1f7cfdbbe72a4	4
2017-01-09 13:13:20.281	-10	ad5168bf4cccf0a630862e848783c73c	4
2017-01-09 13:13:20.285	-34	0f9d98b3f32c7d2fcdac9cdc6182cb5e	4
2017-01-09 13:13:20.292	21	8171aca1c3f6ad81b8e1f7cfdbbe72a4	5
2017-01-09 13:13:20.292	46	74702d0dfe190a1c5832f6b7b9f59cc5	5
2017-01-09 13:13:20.293	35	7e7f8f5ce23dcf15c4352eee848e8eaf	5
2017-01-09 13:13:20.294	-47	2b26a3061f7c1ede69ae3257fe7ac767	5
2017-01-09 13:13:22.211	-61	fd174e3c7d15bd4aa125898a4790f6bb	3
2017-01-09 13:13:22.212	-38	a0a9d768e8adfbf23ae8d7cab8a94b23	3
2017-01-09 13:13:22.213	-37	f7b1a2f526a38d1d39135998e5c0437e	3
2017-01-09 13:13:22.217	-69	fd174e3c7d15bd4aa125898a4790f6bb	5
2017-01-09 13:13:22.217	-82	2313e172dd5bdfb480f8f10644d4ef92	5
2017-01-09 13:13:22.22	30	f7b1a2f526a38d1d39135998e5c0437e	5
2017-01-09 13:13:22.221	18	6b3448c4bc757f599f521a9b56ce2109	5
2017-01-09 13:13:22.227	66	1e391166cd6dcd39841f403e28a8f063	5
2017-01-09 13:13:22.239	-97	d99afeecbf1b33b8ad09c1cb26604c11	4
2017-01-09 13:13:22.24	69	aacbb30dad10839bf579923233172e0e	4
2017-01-09 13:13:22.24	3	3f6b4168be77cfb7b27678c64178ba3f	4
2017-01-09 13:13:24.162	-42	8208b08a7bafe2f31718c2dbddf98544	4
2017-01-09 13:13:24.165	-93	62d947f7d7b0c452a483835728e144ea	4
2017-01-09 13:13:24.166	-91	ad5d0664bb30f652c719b5b1e4fed324	4
2017-01-09 13:13:24.167	9	7e0d809f6f6f6ea6fae52cdb36488917	4
2017-01-09 13:13:24.173	-62	fb31e6800c67acad7c0190434e35674e	3
2017-01-09 13:13:24.172	3	00cd2f86ed0602f017dc07f4aa46b1f8	3
2017-01-09 13:13:24.174	-33	aabef6e60161cc7f3705fa4668c51d89	3
2017-01-09 13:13:24.183	-22	62d947f7d7b0c452a483835728e144ea	5
2017-01-09 13:13:24.183	-73	24197448f9055e968d37a2a802c0852d	5
2017-01-09 13:13:24.182	-39	f8dcaa9e4dd9dbe1d9ff5027236e66d8	5
2017-01-09 13:13:24.184	79	aabef6e60161cc7f3705fa4668c51d89	5
2017-01-09 13:13:26.141	-36	83bfbd0bf6c781444d6dbab117e33e5f	3
2017-01-09 13:13:26.142	25	668b4c92223079639852dbe9ea75dc7d	3
2017-01-09 13:13:26.142	90	dcab1e69026da91209bcb2e42b4038dd	3
2017-01-09 13:13:26.145	-41	dd551c7706d025cdbbd7165a6a9294e0	3
2017-01-09 13:13:26.191	-28	1ca6c29121511b67cad62a11ee4a189f	5
2017-01-09 13:13:26.195	10	668b4c92223079639852dbe9ea75dc7d	5
2017-01-09 13:13:26.195	-38	13aed80bd72e2bf173ea6d932b4cc245	5
2017-01-09 13:13:26.201	-90	4895fcc2d42f73505356826c35f1f621	4
2017-01-09 13:13:26.202	25	5df096076bdf0126daaa873db6c96c6c	4
2017-01-09 13:13:26.202	-36	dcab1e69026da91209bcb2e42b4038dd	4
2017-01-09 13:13:26.204	-62	9aa2a8b28f4204bc48b27a4199fc1c3b	4
2017-01-09 13:13:26.202	-84	343ac788ce8c3cff21b0f31bcfef7435	4
2017-01-09 13:13:27.927	-79	b920fbf63d7591f9156dfb48a5bd95a1	4
2017-01-09 13:13:27.928	-76	316abf82b2ccf3573fe72cfbf9119cca	4
2017-01-09 13:13:27.928	99	99682896c255e8ba6960d5c92c58a4d7	4
2017-01-09 13:13:27.931	-46	4ee6b53b38f5dcec18db2186401dbcfa	4
2017-01-09 13:13:27.935	-83	f526d5ef3b4579c71d5691ba3169a545	3
2017-01-09 13:13:27.937	-30	b7ed8af6e18a32ad33eeec2f0d07c46e	3
2017-01-09 13:13:27.938	44	c07ce8ef88dafef0e66a8ac288e00d61	3
2017-01-09 13:13:27.94	29	5b8d750d6dcf7f3af10a4ac1b0960f25	3
2017-01-09 13:13:27.943	41	08a7d2dff25750f03380ed9fd2e9aa0b	5
2017-01-09 13:13:27.947	30	316abf82b2ccf3573fe72cfbf9119cca	5
2017-01-09 13:13:27.947	-46	b867bffc12d9a80c228afc2e09e90cc5	5
2017-01-09 13:13:27.948	97	3b26d0e1b027911e0debab5f1b8b524d	5
2017-01-09 13:13:27.948	-42	5b8d750d6dcf7f3af10a4ac1b0960f25	5
2017-01-09 13:13:17.86	-9	1c04616f3994fa6df9774e03d96083ed	4
2017-01-09 13:13:17.861	70	0b2fef1148811d82e3320880780e107d	4
2017-01-09 13:13:17.862	-38	88d2b6f4e483731c886c129d4f6b89d3	4
2017-01-09 13:13:17.864	50	f36649d2b829805e475491776f2758cc	4
2017-01-09 13:13:17.868	-46	37e61d1b270559bea728ede351e4d134	5
2017-01-09 13:13:17.868	-38	3a79190b93c3b7bf04c648eacc22d9f8	5
2017-01-09 11:43:54.401	2	4d5deb1579e41c39fc0b319d8c08f362	3
2017-01-09 13:13:17.875	95	f36649d2b829805e475491776f2758cc	5
2017-01-09 13:13:17.877	87	0399c0d8b0f85c81bf314576fff32fac	3
2017-01-09 13:13:17.878	-8	d39022806cd662bde803d708ff622ffe	3
2017-01-09 13:13:17.878	17	ad5fc795ae28a06d7f7da8721b19ced3	3
2017-01-09 13:13:17.881	-97	a5995112b9dff420916ddaf9aa1ff98f	3
2017-01-09 13:13:20.23	-7	726278350ef90c2569ddab99036c2547	3
2017-01-09 13:13:20.233	-88	2753a89206837ec6ebe7c45ea6fc3832	3
2017-01-09 13:13:20.233	12	b0bfb920a4f4182d9955d7a15ae86699	3
2017-01-09 13:13:20.235	84	7672ea061d13e276fd9a97dab551e74c	3
2017-01-09 13:13:20.235	-49	a52984f3a9c3fad7be89325db5f25876	3
2017-01-09 13:13:20.277	-87	0ba2d21b896b646230ef77578c0ea11a	4
2017-01-09 13:13:20.28	-60	74702d0dfe190a1c5832f6b7b9f59cc5	4
2017-01-09 13:13:20.288	59	726278350ef90c2569ddab99036c2547	5
2017-01-09 11:43:56.482	-67	cefffd7058ac48c40eaacf367bc80fe1	5
2017-01-09 13:13:20.29	53	0f4e291a4ab65943007a65cd38028fc4	5
2017-01-09 13:13:20.292	85	a12a2857bdbfa4777adab9bbfa786c0f	5
2017-01-09 13:13:20.292	-28	b0bfb920a4f4182d9955d7a15ae86699	5
2017-01-09 13:13:20.293	-44	7672ea061d13e276fd9a97dab551e74c	5
2017-01-09 13:13:22.212	-78	dfab96fcd4731d00c5cab4a6ec2fe4ee	3
2017-01-09 13:13:22.212	67	798c209c66d423a6bca3ed0bb928b1f8	3
2017-01-09 13:13:22.212	34	d99afeecbf1b33b8ad09c1cb26604c11	3
2017-01-09 13:13:22.214	14	6b3448c4bc757f599f521a9b56ce2109	3
2017-01-09 13:13:22.214	-91	f3e89efb839f102f358f690f0551f464	3
2017-01-09 13:13:22.222	73	286c5e5f37fabb77e25b0a149a6bfb7f	5
2017-01-09 13:13:22.221	11	3f6b4168be77cfb7b27678c64178ba3f	5
2017-01-09 13:13:22.216	39	d4a7ce3d706859bde1208ddac67ceeb7	5
2017-01-09 13:13:22.238	5	d4a7ce3d706859bde1208ddac67ceeb7	4
2017-01-09 13:13:22.239	54	a0a9d768e8adfbf23ae8d7cab8a94b23	4
2017-01-09 13:13:22.24	92	deaa95b682d5433315504d0de19663d2	4
2017-01-09 13:13:22.241	24	286c5e5f37fabb77e25b0a149a6bfb7f	4
2017-01-09 13:13:24.164	-28	07334a246eca545e7fb1eedce939ce81	4
2017-01-09 13:13:24.165	37	00cd2f86ed0602f017dc07f4aa46b1f8	4
2017-01-09 13:13:24.166	61	fb31e6800c67acad7c0190434e35674e	4
2017-01-09 13:13:24.167	-88	0f5ac1fdac8b38f5ccfa34f091a92920	4
2017-01-09 13:13:24.166	-41	aabef6e60161cc7f3705fa4668c51d89	4
2017-01-09 13:13:24.17	-78	cc669e9119b368e579d793b5a4e21881	3
2017-01-09 13:13:24.173	85	ad5d0664bb30f652c719b5b1e4fed324	3
2017-01-09 13:13:24.183	90	fb31e6800c67acad7c0190434e35674e	5
2017-01-09 13:13:24.174	-75	3e49f4344ad3d39b8c691b48b9c0417a	3
2017-01-09 13:13:24.179	26	7e0d809f6f6f6ea6fae52cdb36488917	3
2017-01-09 13:13:24.183	-21	5897adc6d709f87aece65521ee889b85	5
2017-01-09 13:13:24.183	-13	fe476580c60e67cd9cab45c9fbd1347a	5
2017-01-09 13:13:26.14	70	d336805c1891ac7b66ef74031b88b24a	3
2017-01-09 13:13:26.142	-89	8f58e0455f9119fe0988e9e357589af0	3
2017-01-09 13:13:26.143	-97	dd94f0c40b0943bee4deb0772a69173f	3
2017-01-09 13:13:26.143	15	8a8bce6d3a9ccd1ff836435d0c04a482	3
2017-01-09 13:13:26.191	-21	8141794ddd271415643a75136c4df7ed	5
2017-01-09 13:13:26.192	-52	83bfbd0bf6c781444d6dbab117e33e5f	5
2017-01-09 13:13:26.195	12	8a8bce6d3a9ccd1ff836435d0c04a482	5
2017-01-09 13:13:26.197	33	b918aa327d84ba9b0e23b3c72333d955	5
2017-01-09 13:13:26.201	-61	8141794ddd271415643a75136c4df7ed	4
2017-01-09 13:13:26.202	-77	83bfbd0bf6c781444d6dbab117e33e5f	4
2017-01-09 13:13:26.203	-5	dd94f0c40b0943bee4deb0772a69173f	4
2017-01-09 13:13:26.204	-39	460ed5c68861387833285470d856acbc	4
2017-01-09 13:13:27.928	72	645bbacedd03a279c8bdc4bc13b3e911	4
2017-01-09 13:13:27.929	-82	b7ed8af6e18a32ad33eeec2f0d07c46e	4
2017-01-09 13:13:27.93	-64	41c554273d3b645329bbbff4175c5024	4
2017-01-09 13:13:27.934	11	b920fbf63d7591f9156dfb48a5bd95a1	3
2017-01-09 13:13:27.935	-86	645bbacedd03a279c8bdc4bc13b3e911	3
2017-01-09 13:13:27.938	-80	1d862d9ae54c432f50c139255ec0398c	3
2017-01-09 13:13:27.943	17	3071d9741c6b3c5348d161ef260bc590	5
2017-01-09 13:13:27.946	-49	99682896c255e8ba6960d5c92c58a4d7	5
2017-01-09 13:13:27.948	42	5f0138c9badbdc36bcf15906fbcd80ec	5
2017-01-09 13:13:27.947	-71	9b9e351b4b804fdba0eacd8fd0ffbbef	5
2017-01-09 13:13:17.86	55	374b5c98c561a380a4b9c5ecff3c3417	4
2017-01-09 13:13:17.859	-96	ba384e1097c039740830ecbedaeba12f	4
2017-01-09 13:13:17.863	-82	b7ac293e7f231629f4d4129098440116	4
2017-01-09 13:13:17.868	-37	374b5c98c561a380a4b9c5ecff3c3417	5
2017-01-09 11:43:54.393	19	4d5deb1579e41c39fc0b319d8c08f362	5
2017-01-09 13:13:17.87	51	ad5fc795ae28a06d7f7da8721b19ced3	5
2017-01-09 13:13:17.87	-11	2d8929eeae77255a1d943cad4d35e5eb	5
2017-01-09 13:13:17.871	25	88d2b6f4e483731c886c129d4f6b89d3	5
2017-01-09 13:13:17.877	63	1c04616f3994fa6df9774e03d96083ed	3
2017-01-09 13:13:17.878	80	3a79190b93c3b7bf04c648eacc22d9f8	3
2017-01-09 11:43:54.406	55	94d85434fbd7183e35f7b7d92f0f53c3	3
2017-01-09 13:13:17.88	33	0b2fef1148811d82e3320880780e107d	3
2017-01-09 13:13:17.881	89	f36649d2b829805e475491776f2758cc	3
2017-01-09 13:13:20.232	-24	0ba2d21b896b646230ef77578c0ea11a	3
2017-01-09 13:13:20.233	-34	74702d0dfe190a1c5832f6b7b9f59cc5	3
2017-01-09 13:13:20.235	63	6a15ca49a0909723fd251993125873ab	3
2017-01-09 13:13:20.275	86	5ab7f05b16947873bc455d5a6d3e1148	4
2017-01-09 13:13:20.278	-95	2753a89206837ec6ebe7c45ea6fc3832	4
2017-01-09 13:13:20.281	40	916236537a3b3d19ea72d0e5a86d86a5	4
2017-01-09 13:13:20.286	-88	a52984f3a9c3fad7be89325db5f25876	4
2017-01-09 11:43:56.479	93	88f1da4fb7538662c977bd3eb76dc883	5
2017-01-09 13:13:20.289	8	9db95b0848c196b20c90f5b08ed60cd4	5
2017-01-09 13:13:20.286	-51	2b26a3061f7c1ede69ae3257fe7ac767	4
2017-01-09 13:13:20.293	-90	ad5168bf4cccf0a630862e848783c73c	5
2017-01-09 13:13:20.293	-68	0f9d98b3f32c7d2fcdac9cdc6182cb5e	5
2017-01-09 13:13:22.212	43	569c3a6cfa0ae9a2b86bbdb2bcfe972c	3
2017-01-09 13:13:22.213	71	f5d9b328c5c6bf21a76ef7b4fe5ba6d5	3
2017-01-09 13:13:22.214	84	2c4e23122fcbad4480914094ed4d3d31	3
2017-01-09 13:13:22.218	-27	798c209c66d423a6bca3ed0bb928b1f8	5
2017-01-09 13:13:22.218	-60	a0a9d768e8adfbf23ae8d7cab8a94b23	5
2017-01-09 13:13:22.227	-43	90185c058d11e245cf8104562925f276	5
2017-01-09 13:13:22.238	4	fd174e3c7d15bd4aa125898a4790f6bb	4
2017-01-09 13:13:22.239	98	798c209c66d423a6bca3ed0bb928b1f8	4
2017-01-09 13:13:22.239	71	f5d9b328c5c6bf21a76ef7b4fe5ba6d5	4
2017-01-09 13:13:22.241	11	2c4e23122fcbad4480914094ed4d3d31	4
2017-01-09 13:13:24.164	-94	9ce9938322eb60482aa9b472c5a38c0e	4
2017-01-09 13:13:24.165	95	24197448f9055e968d37a2a802c0852d	4
2017-01-09 13:13:24.165	-20	fe476580c60e67cd9cab45c9fbd1347a	4
2017-01-09 13:13:24.169	63	8208b08a7bafe2f31718c2dbddf98544	3
2017-01-09 13:13:24.173	-4	fe476580c60e67cd9cab45c9fbd1347a	3
2017-01-09 13:13:24.171	-94	62d947f7d7b0c452a483835728e144ea	3
2017-01-09 13:13:24.179	96	177dddf8903103d347127690901187a3	3
2017-01-09 13:13:24.183	-91	ad5d0664bb30f652c719b5b1e4fed324	5
2017-01-09 13:13:24.177	64	8a5aa55c91a073428399716e6905db6a	3
2017-01-09 13:13:24.184	-46	177dddf8903103d347127690901187a3	5
2017-01-09 13:13:24.184	-75	3e49f4344ad3d39b8c691b48b9c0417a	5
2017-01-09 13:13:26.14	-50	54d28893d988398ef46ad62a2bbb04b6	3
2017-01-09 13:13:26.142	80	974ca607685171fc4650938ef02cd642	3
2017-01-09 13:13:26.144	-16	460ed5c68861387833285470d856acbc	3
2017-01-09 13:13:26.19	-79	d336805c1891ac7b66ef74031b88b24a	5
2017-01-09 13:13:26.193	-78	8f58e0455f9119fe0988e9e357589af0	5
2017-01-09 13:13:26.195	22	dcab1e69026da91209bcb2e42b4038dd	5
2017-01-09 13:13:26.199	-95	9aa2a8b28f4204bc48b27a4199fc1c3b	5
2017-01-09 13:13:26.191	-64	54d28893d988398ef46ad62a2bbb04b6	5
2017-01-09 13:13:26.201	-51	d336805c1891ac7b66ef74031b88b24a	4
2017-01-09 13:13:26.202	59	668b4c92223079639852dbe9ea75dc7d	4
2017-01-09 13:13:26.202	34	13aed80bd72e2bf173ea6d932b4cc245	4
2017-01-09 13:13:26.192	44	5df096076bdf0126daaa873db6c96c6c	5
2017-01-09 13:13:27.927	-11	f526d5ef3b4579c71d5691ba3169a545	4
2017-01-09 13:13:27.929	69	5f0138c9badbdc36bcf15906fbcd80ec	4
2017-01-09 13:13:27.929	33	3b26d0e1b027911e0debab5f1b8b524d	4
2017-01-09 13:13:27.931	47	5b8d750d6dcf7f3af10a4ac1b0960f25	4
2017-01-09 13:13:27.936	95	316abf82b2ccf3573fe72cfbf9119cca	3
2017-01-09 13:13:27.937	-100	5f0138c9badbdc36bcf15906fbcd80ec	3
2017-01-09 13:13:27.938	-8	41c554273d3b645329bbbff4175c5024	3
2017-01-09 13:13:27.941	35	6dc6adb9adf7c61382e0ec08a3e29263	3
2017-01-09 13:13:27.947	-4	645bbacedd03a279c8bdc4bc13b3e911	5
2017-01-09 13:13:27.948	60	1d862d9ae54c432f50c139255ec0398c	5
2017-01-09 13:13:27.948	80	4ee6b53b38f5dcec18db2186401dbcfa	5
2017-01-09 11:43:52.378	-67	7938af88a5da93011ba7dec9077d60c7	4
2017-01-09 11:43:54.397	-93	94d85434fbd7183e35f7b7d92f0f53c3	5
2017-01-09 11:43:54.406	-78	6fcf3b56555ea19c44152fd7c2070999	3
2017-01-09 11:43:54.414	83	4d5deb1579e41c39fc0b319d8c08f362	4
2017-01-09 11:43:54.416	-15	6fcf3b56555ea19c44152fd7c2070999	4
\.


--
-- Data for Name: analyzersentenceresult; Type: TABLE DATA; Schema: public; Owner: -
--

COPY analyzersentenceresult (charstart, charend, value, analyzerresult_newsentry_id, analyzerresult_analyzer_id) FROM stdin;
0	76	-7	2d8929eeae77255a1d943cad4d35e5eb	4
15	15	60	6630584b82a6a60b53efaa5b816a028f	4
0	14	-73	6630584b82a6a60b53efaa5b816a028f	4
77	186	2	2d8929eeae77255a1d943cad4d35e5eb	4
17	100	-84	6630584b82a6a60b53efaa5b816a028f	4
187	187	-90	2d8929eeae77255a1d943cad4d35e5eb	4
108	108	-19	5d9f81f08f8f89315bba5a2ba68f657d	4
16	16	64	6630584b82a6a60b53efaa5b816a028f	4
0	11	-83	5d9f81f08f8f89315bba5a2ba68f657d	4
110	110	11	5d9f81f08f8f89315bba5a2ba68f657d	4
12	107	18	5d9f81f08f8f89315bba5a2ba68f657d	4
109	109	24	5d9f81f08f8f89315bba5a2ba68f657d	4
247	284	-48	3a79190b93c3b7bf04c648eacc22d9f8	4
454	454	-80	3a79190b93c3b7bf04c648eacc22d9f8	4
101	202	-17	3a79190b93c3b7bf04c648eacc22d9f8	4
0	14	-31	3a79190b93c3b7bf04c648eacc22d9f8	4
285	378	-26	3a79190b93c3b7bf04c648eacc22d9f8	4
15	100	-34	3a79190b93c3b7bf04c648eacc22d9f8	4
455	455	64	3a79190b93c3b7bf04c648eacc22d9f8	4
203	246	7	3a79190b93c3b7bf04c648eacc22d9f8	4
456	456	-45	3a79190b93c3b7bf04c648eacc22d9f8	4
379	453	-41	3a79190b93c3b7bf04c648eacc22d9f8	4
0	76	-63	097c648c3d32522e098d75f3dc919fbf	4
131	199	-8	097c648c3d32522e098d75f3dc919fbf	4
200	200	-56	097c648c3d32522e098d75f3dc919fbf	4
77	130	45	097c648c3d32522e098d75f3dc919fbf	4
85	131	-93	ba384e1097c039740830ecbedaeba12f	5
205	205	58	ba384e1097c039740830ecbedaeba12f	5
0	84	-57	ba384e1097c039740830ecbedaeba12f	5
132	204	-40	ba384e1097c039740830ecbedaeba12f	5
0	11	97	65aa3704f06d2f965206f8c96f07b5bd	5
12	68	-47	65aa3704f06d2f965206f8c96f07b5bd	5
139	139	-87	65aa3704f06d2f965206f8c96f07b5bd	5
141	141	37	65aa3704f06d2f965206f8c96f07b5bd	5
69	138	98	65aa3704f06d2f965206f8c96f07b5bd	5
140	140	-16	65aa3704f06d2f965206f8c96f07b5bd	5
135	135	17	d39022806cd662bde803d708ff622ffe	5
137	137	4	d39022806cd662bde803d708ff622ffe	5
84	134	-27	d39022806cd662bde803d708ff622ffe	5
136	136	-60	d39022806cd662bde803d708ff622ffe	5
0	83	-90	d39022806cd662bde803d708ff622ffe	5
62	123	-21	0b2fef1148811d82e3320880780e107d	5
201	201	-55	0b2fef1148811d82e3320880780e107d	5
0	31	97	0b2fef1148811d82e3320880780e107d	5
32	61	-8	0b2fef1148811d82e3320880780e107d	5
124	200	49	0b2fef1148811d82e3320880780e107d	5
132	204	-45	ba384e1097c039740830ecbedaeba12f	3
85	131	31	ba384e1097c039740830ecbedaeba12f	3
0	84	30	ba384e1097c039740830ecbedaeba12f	3
205	205	61	ba384e1097c039740830ecbedaeba12f	3
196	196	24	37e61d1b270559bea728ede351e4d134	3
0	129	38	37e61d1b270559bea728ede351e4d134	3
130	195	27	37e61d1b270559bea728ede351e4d134	3
12	137	-13	49fda3327119820503ae9b467991853a	3
139	139	-89	49fda3327119820503ae9b467991853a	3
140	140	99	49fda3327119820503ae9b467991853a	3
0	11	13	49fda3327119820503ae9b467991853a	3
138	138	-65	49fda3327119820503ae9b467991853a	3
77	186	44	2d8929eeae77255a1d943cad4d35e5eb	3
187	187	36	2d8929eeae77255a1d943cad4d35e5eb	3
0	76	-45	2d8929eeae77255a1d943cad4d35e5eb	3
131	199	-22	097c648c3d32522e098d75f3dc919fbf	3
77	130	-1	097c648c3d32522e098d75f3dc919fbf	3
200	200	46	097c648c3d32522e098d75f3dc919fbf	3
0	76	-23	097c648c3d32522e098d75f3dc919fbf	3
195	195	-51	9db95b0848c196b20c90f5b08ed60cd4	3
0	147	47	9db95b0848c196b20c90f5b08ed60cd4	3
148	194	-37	9db95b0848c196b20c90f5b08ed60cd4	3
0	200	-72	8171aca1c3f6ad81b8e1f7cfdbbe72a4	3
314	314	-43	8171aca1c3f6ad81b8e1f7cfdbbe72a4	3
201	313	3	8171aca1c3f6ad81b8e1f7cfdbbe72a4	3
182	182	90	ad5168bf4cccf0a630862e848783c73c	3
80	181	46	ad5168bf4cccf0a630862e848783c73c	3
0	79	-74	ad5168bf4cccf0a630862e848783c73c	3
0	67	67	0f9d98b3f32c7d2fcdac9cdc6182cb5e	3
68	139	96	0f9d98b3f32c7d2fcdac9cdc6182cb5e	3
140	185	-22	0f9d98b3f32c7d2fcdac9cdc6182cb5e	3
186	186	-25	0f9d98b3f32c7d2fcdac9cdc6182cb5e	3
68	143	-97	726278350ef90c2569ddab99036c2547	4
144	224	10	726278350ef90c2569ddab99036c2547	4
225	225	-73	726278350ef90c2569ddab99036c2547	4
0	67	29	726278350ef90c2569ddab99036c2547	4
0	150	-60	a12a2857bdbfa4777adab9bbfa786c0f	4
151	151	85	a12a2857bdbfa4777adab9bbfa786c0f	4
196	196	41	b0bfb920a4f4182d9955d7a15ae86699	4
0	110	-58	b0bfb920a4f4182d9955d7a15ae86699	4
111	195	47	b0bfb920a4f4182d9955d7a15ae86699	4
211	211	17	5ab7f05b16947873bc455d5a6d3e1148	5
0	55	68	5ab7f05b16947873bc455d5a6d3e1148	5
120	120	57	02c2bbe4930071373277851de39b2fe9	4
56	210	86	5ab7f05b16947873bc455d5a6d3e1148	5
191	191	-2	419aea533c3bcd1d7dff06f5bdb44ec0	5
66	119	24	02c2bbe4930071373277851de39b2fe9	4
122	122	-18	02c2bbe4930071373277851de39b2fe9	4
121	121	-70	02c2bbe4930071373277851de39b2fe9	4
0	65	86	02c2bbe4930071373277851de39b2fe9	4
119	190	-11	419aea533c3bcd1d7dff06f5bdb44ec0	5
0	129	-82	37e61d1b270559bea728ede351e4d134	4
130	195	-26	37e61d1b270559bea728ede351e4d134	4
196	196	-30	37e61d1b270559bea728ede351e4d134	4
0	11	38	65aa3704f06d2f965206f8c96f07b5bd	4
139	139	-30	65aa3704f06d2f965206f8c96f07b5bd	4
69	138	72	65aa3704f06d2f965206f8c96f07b5bd	4
140	140	-100	65aa3704f06d2f965206f8c96f07b5bd	4
141	141	-94	65aa3704f06d2f965206f8c96f07b5bd	4
12	68	-17	65aa3704f06d2f965206f8c96f07b5bd	4
139	139	-92	49fda3327119820503ae9b467991853a	4
140	140	-38	49fda3327119820503ae9b467991853a	4
138	138	-47	49fda3327119820503ae9b467991853a	4
12	137	-83	49fda3327119820503ae9b467991853a	4
0	11	33	49fda3327119820503ae9b467991853a	4
0	127	42	69272f60328914072ef167551efeda4c	4
195	195	8	69272f60328914072ef167551efeda4c	4
128	194	43	69272f60328914072ef167551efeda4c	4
14	176	-19	a5995112b9dff420916ddaf9aa1ff98f	4
177	220	84	a5995112b9dff420916ddaf9aa1ff98f	4
0	13	-94	a5995112b9dff420916ddaf9aa1ff98f	4
121	121	46	02c2bbe4930071373277851de39b2fe9	3
0	65	-21	02c2bbe4930071373277851de39b2fe9	3
120	120	82	02c2bbe4930071373277851de39b2fe9	3
122	122	-84	02c2bbe4930071373277851de39b2fe9	3
66	119	-85	02c2bbe4930071373277851de39b2fe9	3
299	424	75	a5995112b9dff420916ddaf9aa1ff98f	4
221	298	60	a5995112b9dff420916ddaf9aa1ff98f	4
479	479	63	a5995112b9dff420916ddaf9aa1ff98f	4
480	480	-31	a5995112b9dff420916ddaf9aa1ff98f	4
425	478	-47	a5995112b9dff420916ddaf9aa1ff98f	4
481	481	26	a5995112b9dff420916ddaf9aa1ff98f	4
19	114	-7	1c04616f3994fa6df9774e03d96083ed	5
477	477	35	1c04616f3994fa6df9774e03d96083ed	5
221	348	-96	1c04616f3994fa6df9774e03d96083ed	5
349	449	64	1c04616f3994fa6df9774e03d96083ed	5
476	476	73	1c04616f3994fa6df9774e03d96083ed	5
0	18	-59	1c04616f3994fa6df9774e03d96083ed	5
478	478	-41	1c04616f3994fa6df9774e03d96083ed	5
115	220	58	1c04616f3994fa6df9774e03d96083ed	5
450	475	-51	1c04616f3994fa6df9774e03d96083ed	5
197	369	21	b7ac293e7f231629f4d4129098440116	5
370	448	-61	b7ac293e7f231629f4d4129098440116	5
0	14	0	b7ac293e7f231629f4d4129098440116	5
114	172	-8	b7ac293e7f231629f4d4129098440116	5
449	449	99	b7ac293e7f231629f4d4129098440116	5
15	113	-76	b7ac293e7f231629f4d4129098440116	5
173	196	56	b7ac293e7f231629f4d4129098440116	5
450	450	58	b7ac293e7f231629f4d4129098440116	5
451	451	-57	b7ac293e7f231629f4d4129098440116	5
128	194	93	69272f60328914072ef167551efeda4c	5
195	195	23	69272f60328914072ef167551efeda4c	5
0	127	-67	69272f60328914072ef167551efeda4c	5
0	76	83	097c648c3d32522e098d75f3dc919fbf	5
131	199	23	097c648c3d32522e098d75f3dc919fbf	5
77	130	-3	097c648c3d32522e098d75f3dc919fbf	5
200	200	89	097c648c3d32522e098d75f3dc919fbf	5
221	298	-43	a5995112b9dff420916ddaf9aa1ff98f	5
480	480	-32	a5995112b9dff420916ddaf9aa1ff98f	5
14	176	-34	a5995112b9dff420916ddaf9aa1ff98f	5
126	126	-98	24f282039a161ea1916c22bfe6f00f87	3
0	124	17	24f282039a161ea1916c22bfe6f00f87	3
125	125	-6	24f282039a161ea1916c22bfe6f00f87	3
127	127	-25	24f282039a161ea1916c22bfe6f00f87	3
177	220	-11	a5995112b9dff420916ddaf9aa1ff98f	5
299	424	80	a5995112b9dff420916ddaf9aa1ff98f	5
425	478	40	a5995112b9dff420916ddaf9aa1ff98f	5
0	13	84	a5995112b9dff420916ddaf9aa1ff98f	5
479	479	13	a5995112b9dff420916ddaf9aa1ff98f	5
481	481	98	a5995112b9dff420916ddaf9aa1ff98f	5
12	68	68	65aa3704f06d2f965206f8c96f07b5bd	3
139	139	51	65aa3704f06d2f965206f8c96f07b5bd	3
0	11	83	65aa3704f06d2f965206f8c96f07b5bd	3
69	138	50	65aa3704f06d2f965206f8c96f07b5bd	3
127	127	-90	24f282039a161ea1916c22bfe6f00f87	4
125	125	50	24f282039a161ea1916c22bfe6f00f87	4
0	124	-35	24f282039a161ea1916c22bfe6f00f87	4
126	126	-94	24f282039a161ea1916c22bfe6f00f87	4
140	140	-77	65aa3704f06d2f965206f8c96f07b5bd	3
141	141	-28	65aa3704f06d2f965206f8c96f07b5bd	3
0	102	59	88d2b6f4e483731c886c129d4f6b89d3	3
195	195	51	88d2b6f4e483731c886c129d4f6b89d3	3
103	144	-43	88d2b6f4e483731c886c129d4f6b89d3	3
145	194	-54	88d2b6f4e483731c886c129d4f6b89d3	3
144	215	-90	b84cdb5f03832e11a2dd2f15fbf3f037	3
216	216	92	b84cdb5f03832e11a2dd2f15fbf3f037	3
0	67	-86	b84cdb5f03832e11a2dd2f15fbf3f037	3
68	143	25	b84cdb5f03832e11a2dd2f15fbf3f037	3
12	107	-16	5d9f81f08f8f89315bba5a2ba68f657d	3
109	109	-6	5d9f81f08f8f89315bba5a2ba68f657d	3
0	11	4	5d9f81f08f8f89315bba5a2ba68f657d	3
108	108	42	5d9f81f08f8f89315bba5a2ba68f657d	3
110	110	33	5d9f81f08f8f89315bba5a2ba68f657d	3
211	211	-75	5ab7f05b16947873bc455d5a6d3e1148	3
0	55	-24	5ab7f05b16947873bc455d5a6d3e1148	3
56	210	95	5ab7f05b16947873bc455d5a6d3e1148	3
191	191	-91	419aea533c3bcd1d7dff06f5bdb44ec0	3
0	118	-91	419aea533c3bcd1d7dff06f5bdb44ec0	3
179	209	85	0399c0d8b0f85c81bf314576fff32fac	4
210	210	-16	0399c0d8b0f85c81bf314576fff32fac	4
0	110	-22	0399c0d8b0f85c81bf314576fff32fac	4
111	178	21	0399c0d8b0f85c81bf314576fff32fac	4
0	11	11	ad5fc795ae28a06d7f7da8721b19ced3	4
113	113	-16	ad5fc795ae28a06d7f7da8721b19ced3	4
111	111	17	ad5fc795ae28a06d7f7da8721b19ced3	4
112	112	52	ad5fc795ae28a06d7f7da8721b19ced3	4
12	110	47	ad5fc795ae28a06d7f7da8721b19ced3	4
0	83	95	d39022806cd662bde803d708ff622ffe	4
135	135	17	d39022806cd662bde803d708ff622ffe	4
136	136	22	d39022806cd662bde803d708ff622ffe	4
84	134	69	d39022806cd662bde803d708ff622ffe	4
137	137	5	d39022806cd662bde803d708ff622ffe	4
0	67	29	b84cdb5f03832e11a2dd2f15fbf3f037	4
144	215	-92	b84cdb5f03832e11a2dd2f15fbf3f037	4
68	143	-21	b84cdb5f03832e11a2dd2f15fbf3f037	4
216	216	49	b84cdb5f03832e11a2dd2f15fbf3f037	4
0	110	38	0399c0d8b0f85c81bf314576fff32fac	5
179	209	42	0399c0d8b0f85c81bf314576fff32fac	5
111	178	-48	0399c0d8b0f85c81bf314576fff32fac	5
210	210	-26	0399c0d8b0f85c81bf314576fff32fac	5
139	139	-63	49fda3327119820503ae9b467991853a	5
140	140	-8	49fda3327119820503ae9b467991853a	5
0	11	-26	49fda3327119820503ae9b467991853a	5
138	138	-67	49fda3327119820503ae9b467991853a	5
12	137	59	49fda3327119820503ae9b467991853a	5
108	108	87	5d9f81f08f8f89315bba5a2ba68f657d	5
0	11	92	5d9f81f08f8f89315bba5a2ba68f657d	5
110	110	-96	5d9f81f08f8f89315bba5a2ba68f657d	5
12	107	-54	5d9f81f08f8f89315bba5a2ba68f657d	5
109	109	-70	5d9f81f08f8f89315bba5a2ba68f657d	5
144	215	-89	b84cdb5f03832e11a2dd2f15fbf3f037	5
68	143	-3	b84cdb5f03832e11a2dd2f15fbf3f037	5
216	216	-13	b84cdb5f03832e11a2dd2f15fbf3f037	5
0	67	-84	b84cdb5f03832e11a2dd2f15fbf3f037	5
19	196	67	374b5c98c561a380a4b9c5ecff3c3417	3
458	458	-43	374b5c98c561a380a4b9c5ecff3c3417	3
197	395	46	374b5c98c561a380a4b9c5ecff3c3417	3
456	456	-5	374b5c98c561a380a4b9c5ecff3c3417	3
0	18	9	374b5c98c561a380a4b9c5ecff3c3417	3
396	455	-24	374b5c98c561a380a4b9c5ecff3c3417	3
130	130	-16	7938af88a5da93011ba7dec9077d60c7	5
0	128	55	7938af88a5da93011ba7dec9077d60c7	5
129	129	45	7938af88a5da93011ba7dec9077d60c7	5
131	131	0	7938af88a5da93011ba7dec9077d60c7	5
457	457	14	374b5c98c561a380a4b9c5ecff3c3417	3
128	194	-8	69272f60328914072ef167551efeda4c	3
195	195	69	69272f60328914072ef167551efeda4c	3
0	127	-71	69272f60328914072ef167551efeda4c	3
451	451	-58	b7ac293e7f231629f4d4129098440116	3
197	369	-63	b7ac293e7f231629f4d4129098440116	3
370	448	-46	b7ac293e7f231629f4d4129098440116	3
15	113	-6	b7ac293e7f231629f4d4129098440116	3
449	449	87	b7ac293e7f231629f4d4129098440116	3
173	196	-67	b7ac293e7f231629f4d4129098440116	3
0	14	-44	b7ac293e7f231629f4d4129098440116	3
450	450	-94	b7ac293e7f231629f4d4129098440116	3
114	172	60	b7ac293e7f231629f4d4129098440116	3
199	199	-100	0f4e291a4ab65943007a65cd38028fc4	3
135	198	15	0f4e291a4ab65943007a65cd38028fc4	3
0	134	63	0f4e291a4ab65943007a65cd38028fc4	3
167	202	-30	77ca46aa94c888a6208d4b6c11f20e62	3
0	48	-56	77ca46aa94c888a6208d4b6c11f20e62	3
203	203	3	77ca46aa94c888a6208d4b6c11f20e62	3
49	166	-56	77ca46aa94c888a6208d4b6c11f20e62	3
0	247	35	916236537a3b3d19ea72d0e5a86d86a5	3
248	248	40	916236537a3b3d19ea72d0e5a86d86a5	3
89	171	-98	2b26a3061f7c1ede69ae3257fe7ac767	3
0	128	-42	7938af88a5da93011ba7dec9077d60c7	4
130	130	25	7938af88a5da93011ba7dec9077d60c7	4
131	131	-55	7938af88a5da93011ba7dec9077d60c7	4
129	129	17	7938af88a5da93011ba7dec9077d60c7	4
0	88	33	2b26a3061f7c1ede69ae3257fe7ac767	3
192	192	-76	2b26a3061f7c1ede69ae3257fe7ac767	3
172	191	-12	2b26a3061f7c1ede69ae3257fe7ac767	3
0	147	28	9db95b0848c196b20c90f5b08ed60cd4	4
195	195	17	9db95b0848c196b20c90f5b08ed60cd4	4
148	194	69	9db95b0848c196b20c90f5b08ed60cd4	4
314	314	48	8171aca1c3f6ad81b8e1f7cfdbbe72a4	4
201	313	-55	8171aca1c3f6ad81b8e1f7cfdbbe72a4	4
0	200	41	8171aca1c3f6ad81b8e1f7cfdbbe72a4	4
182	182	71	ad5168bf4cccf0a630862e848783c73c	4
80	181	-65	ad5168bf4cccf0a630862e848783c73c	4
0	79	33	ad5168bf4cccf0a630862e848783c73c	4
68	139	53	0f9d98b3f32c7d2fcdac9cdc6182cb5e	4
186	186	35	0f9d98b3f32c7d2fcdac9cdc6182cb5e	4
129	129	-41	94d85434fbd7183e35f7b7d92f0f53c3	5
128	128	59	94d85434fbd7183e35f7b7d92f0f53c3	5
127	127	79	94d85434fbd7183e35f7b7d92f0f53c3	5
0	126	-67	94d85434fbd7183e35f7b7d92f0f53c3	5
0	67	-77	0f9d98b3f32c7d2fcdac9cdc6182cb5e	4
140	185	-21	0f9d98b3f32c7d2fcdac9cdc6182cb5e	4
201	313	-1	8171aca1c3f6ad81b8e1f7cfdbbe72a4	5
0	200	-12	8171aca1c3f6ad81b8e1f7cfdbbe72a4	5
314	314	78	8171aca1c3f6ad81b8e1f7cfdbbe72a4	5
0	58	61	74702d0dfe190a1c5832f6b7b9f59cc5	5
476	476	-85	1c04616f3994fa6df9774e03d96083ed	4
477	477	17	1c04616f3994fa6df9774e03d96083ed	4
19	114	-86	1c04616f3994fa6df9774e03d96083ed	4
0	18	-34	1c04616f3994fa6df9774e03d96083ed	4
221	348	-65	1c04616f3994fa6df9774e03d96083ed	4
115	220	-52	1c04616f3994fa6df9774e03d96083ed	4
450	475	19	1c04616f3994fa6df9774e03d96083ed	4
478	478	83	1c04616f3994fa6df9774e03d96083ed	4
349	449	71	1c04616f3994fa6df9774e03d96083ed	4
62	123	68	0b2fef1148811d82e3320880780e107d	4
0	31	95	0b2fef1148811d82e3320880780e107d	4
124	200	15	0b2fef1148811d82e3320880780e107d	4
201	201	96	0b2fef1148811d82e3320880780e107d	4
32	61	58	0b2fef1148811d82e3320880780e107d	4
195	195	-60	88d2b6f4e483731c886c129d4f6b89d3	4
0	102	13	88d2b6f4e483731c886c129d4f6b89d3	4
145	194	-33	88d2b6f4e483731c886c129d4f6b89d3	4
103	144	94	88d2b6f4e483731c886c129d4f6b89d3	4
0	58	-27	f36649d2b829805e475491776f2758cc	4
138	194	32	f36649d2b829805e475491776f2758cc	4
59	137	-62	f36649d2b829805e475491776f2758cc	4
195	195	98	f36649d2b829805e475491776f2758cc	4
0	129	-85	37e61d1b270559bea728ede351e4d134	5
196	196	-50	37e61d1b270559bea728ede351e4d134	5
130	195	-25	37e61d1b270559bea728ede351e4d134	5
0	14	-37	3a79190b93c3b7bf04c648eacc22d9f8	5
101	202	-85	3a79190b93c3b7bf04c648eacc22d9f8	5
247	284	-7	3a79190b93c3b7bf04c648eacc22d9f8	5
16	16	58	6630584b82a6a60b53efaa5b816a028f	5
17	100	15	6630584b82a6a60b53efaa5b816a028f	5
0	14	-78	6630584b82a6a60b53efaa5b816a028f	5
15	15	62	6630584b82a6a60b53efaa5b816a028f	5
454	454	47	3a79190b93c3b7bf04c648eacc22d9f8	5
456	456	-29	3a79190b93c3b7bf04c648eacc22d9f8	5
15	100	-14	3a79190b93c3b7bf04c648eacc22d9f8	5
379	453	-34	3a79190b93c3b7bf04c648eacc22d9f8	5
203	246	-53	3a79190b93c3b7bf04c648eacc22d9f8	5
285	378	4	3a79190b93c3b7bf04c648eacc22d9f8	5
455	455	28	3a79190b93c3b7bf04c648eacc22d9f8	5
59	137	-6	f36649d2b829805e475491776f2758cc	5
66	119	92	02c2bbe4930071373277851de39b2fe9	5
121	121	-68	02c2bbe4930071373277851de39b2fe9	5
122	122	-55	02c2bbe4930071373277851de39b2fe9	5
120	120	88	02c2bbe4930071373277851de39b2fe9	5
0	65	-75	02c2bbe4930071373277851de39b2fe9	5
138	194	-13	f36649d2b829805e475491776f2758cc	5
195	195	-7	f36649d2b829805e475491776f2758cc	5
0	58	-40	f36649d2b829805e475491776f2758cc	5
210	210	-12	0399c0d8b0f85c81bf314576fff32fac	3
0	110	77	0399c0d8b0f85c81bf314576fff32fac	3
111	178	-23	0399c0d8b0f85c81bf314576fff32fac	3
179	209	-46	0399c0d8b0f85c81bf314576fff32fac	3
136	136	-97	d39022806cd662bde803d708ff622ffe	3
84	134	-43	d39022806cd662bde803d708ff622ffe	3
135	135	77	d39022806cd662bde803d708ff622ffe	3
137	137	83	d39022806cd662bde803d708ff622ffe	3
0	83	-69	d39022806cd662bde803d708ff622ffe	3
112	112	49	ad5fc795ae28a06d7f7da8721b19ced3	3
0	11	81	ad5fc795ae28a06d7f7da8721b19ced3	3
113	113	-41	ad5fc795ae28a06d7f7da8721b19ced3	3
12	110	-15	ad5fc795ae28a06d7f7da8721b19ced3	3
111	111	-24	ad5fc795ae28a06d7f7da8721b19ced3	3
479	479	-31	a5995112b9dff420916ddaf9aa1ff98f	3
299	424	89	a5995112b9dff420916ddaf9aa1ff98f	3
425	478	10	a5995112b9dff420916ddaf9aa1ff98f	3
0	13	37	a5995112b9dff420916ddaf9aa1ff98f	3
481	481	61	a5995112b9dff420916ddaf9aa1ff98f	3
14	176	-91	a5995112b9dff420916ddaf9aa1ff98f	3
221	298	72	a5995112b9dff420916ddaf9aa1ff98f	3
177	220	91	a5995112b9dff420916ddaf9aa1ff98f	3
480	480	-4	a5995112b9dff420916ddaf9aa1ff98f	3
144	224	18	726278350ef90c2569ddab99036c2547	3
225	225	70	726278350ef90c2569ddab99036c2547	3
68	143	-75	726278350ef90c2569ddab99036c2547	3
0	67	30	726278350ef90c2569ddab99036c2547	3
74	206	-28	2753a89206837ec6ebe7c45ea6fc3832	3
207	207	-68	2753a89206837ec6ebe7c45ea6fc3832	3
0	73	11	2753a89206837ec6ebe7c45ea6fc3832	3
0	110	-33	b0bfb920a4f4182d9955d7a15ae86699	3
111	195	77	b0bfb920a4f4182d9955d7a15ae86699	3
196	196	-99	b0bfb920a4f4182d9955d7a15ae86699	3
0	123	31	7672ea061d13e276fd9a97dab551e74c	3
124	205	-38	7672ea061d13e276fd9a97dab551e74c	3
206	206	65	7672ea061d13e276fd9a97dab551e74c	3
202	202	14	a52984f3a9c3fad7be89325db5f25876	3
134	201	-92	a52984f3a9c3fad7be89325db5f25876	3
69	133	-12	a52984f3a9c3fad7be89325db5f25876	3
0	68	-66	a52984f3a9c3fad7be89325db5f25876	3
163	201	-87	0ba2d21b896b646230ef77578c0ea11a	4
0	162	97	0ba2d21b896b646230ef77578c0ea11a	4
202	202	25	0ba2d21b896b646230ef77578c0ea11a	4
160	160	80	74702d0dfe190a1c5832f6b7b9f59cc5	4
59	159	-44	74702d0dfe190a1c5832f6b7b9f59cc5	4
0	58	59	74702d0dfe190a1c5832f6b7b9f59cc5	4
130	130	42	4d5deb1579e41c39fc0b319d8c08f362	3
131	131	-46	4d5deb1579e41c39fc0b319d8c08f362	3
0	128	87	4d5deb1579e41c39fc0b319d8c08f362	3
0	14	-1	6630584b82a6a60b53efaa5b816a028f	3
15	15	94	6630584b82a6a60b53efaa5b816a028f	3
17	100	54	6630584b82a6a60b53efaa5b816a028f	3
16	16	-17	6630584b82a6a60b53efaa5b816a028f	3
457	457	-56	374b5c98c561a380a4b9c5ecff3c3417	4
458	458	-43	374b5c98c561a380a4b9c5ecff3c3417	4
396	455	14	374b5c98c561a380a4b9c5ecff3c3417	4
0	18	55	374b5c98c561a380a4b9c5ecff3c3417	4
197	395	76	374b5c98c561a380a4b9c5ecff3c3417	4
456	456	37	374b5c98c561a380a4b9c5ecff3c3417	4
19	196	-44	374b5c98c561a380a4b9c5ecff3c3417	4
85	131	32	ba384e1097c039740830ecbedaeba12f	4
0	84	-79	ba384e1097c039740830ecbedaeba12f	4
205	205	57	ba384e1097c039740830ecbedaeba12f	4
132	204	-55	ba384e1097c039740830ecbedaeba12f	4
451	451	50	b7ac293e7f231629f4d4129098440116	4
449	449	-69	b7ac293e7f231629f4d4129098440116	4
15	113	-12	b7ac293e7f231629f4d4129098440116	4
0	14	-21	b7ac293e7f231629f4d4129098440116	4
197	369	56	b7ac293e7f231629f4d4129098440116	4
173	196	-77	b7ac293e7f231629f4d4129098440116	4
450	450	-19	b7ac293e7f231629f4d4129098440116	4
114	172	88	b7ac293e7f231629f4d4129098440116	4
370	448	-22	b7ac293e7f231629f4d4129098440116	4
458	458	-20	374b5c98c561a380a4b9c5ecff3c3417	5
456	456	-63	374b5c98c561a380a4b9c5ecff3c3417	5
0	18	31	374b5c98c561a380a4b9c5ecff3c3417	5
396	455	81	374b5c98c561a380a4b9c5ecff3c3417	5
19	196	59	374b5c98c561a380a4b9c5ecff3c3417	5
197	395	85	374b5c98c561a380a4b9c5ecff3c3417	5
457	457	-43	374b5c98c561a380a4b9c5ecff3c3417	5
112	112	20	ad5fc795ae28a06d7f7da8721b19ced3	5
0	11	-21	ad5fc795ae28a06d7f7da8721b19ced3	5
12	110	77	ad5fc795ae28a06d7f7da8721b19ced3	5
113	113	9	ad5fc795ae28a06d7f7da8721b19ced3	5
111	111	19	ad5fc795ae28a06d7f7da8721b19ced3	5
0	76	83	2d8929eeae77255a1d943cad4d35e5eb	5
77	186	-1	2d8929eeae77255a1d943cad4d35e5eb	5
187	187	-35	2d8929eeae77255a1d943cad4d35e5eb	5
145	194	-41	88d2b6f4e483731c886c129d4f6b89d3	5
195	195	-12	88d2b6f4e483731c886c129d4f6b89d3	5
103	144	59	88d2b6f4e483731c886c129d4f6b89d3	5
0	102	-7	88d2b6f4e483731c886c129d4f6b89d3	5
450	475	20	1c04616f3994fa6df9774e03d96083ed	3
476	476	-85	1c04616f3994fa6df9774e03d96083ed	3
115	220	72	1c04616f3994fa6df9774e03d96083ed	3
477	477	28	1c04616f3994fa6df9774e03d96083ed	3
19	114	92	1c04616f3994fa6df9774e03d96083ed	3
349	449	-92	1c04616f3994fa6df9774e03d96083ed	3
221	348	26	1c04616f3994fa6df9774e03d96083ed	3
0	18	60	1c04616f3994fa6df9774e03d96083ed	3
478	478	-32	1c04616f3994fa6df9774e03d96083ed	3
454	454	-39	3a79190b93c3b7bf04c648eacc22d9f8	3
247	284	-31	3a79190b93c3b7bf04c648eacc22d9f8	3
15	100	-33	3a79190b93c3b7bf04c648eacc22d9f8	3
456	456	-18	3a79190b93c3b7bf04c648eacc22d9f8	3
379	453	83	3a79190b93c3b7bf04c648eacc22d9f8	3
203	246	-21	3a79190b93c3b7bf04c648eacc22d9f8	3
285	378	47	3a79190b93c3b7bf04c648eacc22d9f8	3
0	14	-70	3a79190b93c3b7bf04c648eacc22d9f8	3
455	455	11	3a79190b93c3b7bf04c648eacc22d9f8	3
129	129	38	7938af88a5da93011ba7dec9077d60c7	3
0	128	35	7938af88a5da93011ba7dec9077d60c7	3
131	131	19	7938af88a5da93011ba7dec9077d60c7	3
130	130	-12	7938af88a5da93011ba7dec9077d60c7	3
101	202	92	3a79190b93c3b7bf04c648eacc22d9f8	3
62	123	48	0b2fef1148811d82e3320880780e107d	3
201	201	-61	0b2fef1148811d82e3320880780e107d	3
0	31	-2	0b2fef1148811d82e3320880780e107d	3
124	200	9	0b2fef1148811d82e3320880780e107d	3
32	61	-63	0b2fef1148811d82e3320880780e107d	3
0	58	27	f36649d2b829805e475491776f2758cc	3
59	137	47	f36649d2b829805e475491776f2758cc	3
195	195	-87	f36649d2b829805e475491776f2758cc	3
138	194	-36	f36649d2b829805e475491776f2758cc	3
0	162	-2	0ba2d21b896b646230ef77578c0ea11a	3
163	201	-69	0ba2d21b896b646230ef77578c0ea11a	3
202	202	-53	0ba2d21b896b646230ef77578c0ea11a	3
59	159	54	74702d0dfe190a1c5832f6b7b9f59cc5	3
0	58	67	74702d0dfe190a1c5832f6b7b9f59cc5	3
129	129	88	4d5deb1579e41c39fc0b319d8c08f362	5
131	131	51	4d5deb1579e41c39fc0b319d8c08f362	5
0	128	-12	4d5deb1579e41c39fc0b319d8c08f362	5
130	130	13	4d5deb1579e41c39fc0b319d8c08f362	5
160	160	-58	74702d0dfe190a1c5832f6b7b9f59cc5	3
198	198	-38	6a15ca49a0909723fd251993125873ab	3
135	197	67	6a15ca49a0909723fd251993125873ab	3
0	84	7	6a15ca49a0909723fd251993125873ab	3
85	134	55	6a15ca49a0909723fd251993125873ab	3
56	210	37	5ab7f05b16947873bc455d5a6d3e1148	4
0	55	-24	5ab7f05b16947873bc455d5a6d3e1148	4
211	211	-38	5ab7f05b16947873bc455d5a6d3e1148	4
207	207	-92	2753a89206837ec6ebe7c45ea6fc3832	4
74	206	-91	2753a89206837ec6ebe7c45ea6fc3832	4
0	73	12	2753a89206837ec6ebe7c45ea6fc3832	4
248	248	-75	916236537a3b3d19ea72d0e5a86d86a5	4
0	247	-86	916236537a3b3d19ea72d0e5a86d86a5	4
119	190	39	419aea533c3bcd1d7dff06f5bdb44ec0	3
0	150	-68	a12a2857bdbfa4777adab9bbfa786c0f	3
151	151	60	a12a2857bdbfa4777adab9bbfa786c0f	3
0	108	63	7e7f8f5ce23dcf15c4352eee848e8eaf	3
137	137	-58	7e7f8f5ce23dcf15c4352eee848e8eaf	3
111	133	33	7e7f8f5ce23dcf15c4352eee848e8eaf	3
109	110	51	7e7f8f5ce23dcf15c4352eee848e8eaf	3
134	136	-51	7e7f8f5ce23dcf15c4352eee848e8eaf	3
191	191	-20	419aea533c3bcd1d7dff06f5bdb44ec0	4
0	118	26	419aea533c3bcd1d7dff06f5bdb44ec0	4
119	190	65	419aea533c3bcd1d7dff06f5bdb44ec0	4
0	134	-2	0f4e291a4ab65943007a65cd38028fc4	4
199	199	-51	0f4e291a4ab65943007a65cd38028fc4	4
135	198	47	0f4e291a4ab65943007a65cd38028fc4	4
0	48	-78	77ca46aa94c888a6208d4b6c11f20e62	4
167	202	0	77ca46aa94c888a6208d4b6c11f20e62	4
49	166	1	77ca46aa94c888a6208d4b6c11f20e62	4
203	203	-7	77ca46aa94c888a6208d4b6c11f20e62	4
206	206	31	7672ea061d13e276fd9a97dab551e74c	4
124	205	47	7672ea061d13e276fd9a97dab551e74c	4
0	123	-90	7672ea061d13e276fd9a97dab551e74c	4
135	197	-16	6a15ca49a0909723fd251993125873ab	4
85	134	58	6a15ca49a0909723fd251993125873ab	4
0	84	36	6a15ca49a0909723fd251993125873ab	4
198	198	-64	6a15ca49a0909723fd251993125873ab	4
0	48	61	77ca46aa94c888a6208d4b6c11f20e62	5
167	202	41	77ca46aa94c888a6208d4b6c11f20e62	5
49	166	99	77ca46aa94c888a6208d4b6c11f20e62	5
203	203	-88	77ca46aa94c888a6208d4b6c11f20e62	5
0	84	-95	6a15ca49a0909723fd251993125873ab	5
198	198	-85	6a15ca49a0909723fd251993125873ab	5
85	134	-51	6a15ca49a0909723fd251993125873ab	5
135	197	75	6a15ca49a0909723fd251993125873ab	5
111	133	70	7e7f8f5ce23dcf15c4352eee848e8eaf	4
137	137	-30	7e7f8f5ce23dcf15c4352eee848e8eaf	4
134	136	2	7e7f8f5ce23dcf15c4352eee848e8eaf	4
109	110	22	7e7f8f5ce23dcf15c4352eee848e8eaf	4
0	108	12	7e7f8f5ce23dcf15c4352eee848e8eaf	4
202	202	-37	0ba2d21b896b646230ef77578c0ea11a	5
163	201	-72	0ba2d21b896b646230ef77578c0ea11a	5
0	162	-52	0ba2d21b896b646230ef77578c0ea11a	5
153	199	-91	2313e172dd5bdfb480f8f10644d4ef92	3
0	86	88	2313e172dd5bdfb480f8f10644d4ef92	3
87	152	72	2313e172dd5bdfb480f8f10644d4ef92	3
200	200	36	2313e172dd5bdfb480f8f10644d4ef92	3
193	200	83	aacbb30dad10839bf579923233172e0e	3
0	87	-95	aacbb30dad10839bf579923233172e0e	3
88	156	27	aacbb30dad10839bf579923233172e0e	3
157	192	86	aacbb30dad10839bf579923233172e0e	3
113	148	-96	deaa95b682d5433315504d0de19663d2	3
0	112	32	deaa95b682d5433315504d0de19663d2	3
149	207	36	deaa95b682d5433315504d0de19663d2	3
208	208	62	deaa95b682d5433315504d0de19663d2	3
210	210	-72	286c5e5f37fabb77e25b0a149a6bfb7f	3
167	209	-47	286c5e5f37fabb77e25b0a149a6bfb7f	3
94	166	-51	286c5e5f37fabb77e25b0a149a6bfb7f	3
0	93	88	286c5e5f37fabb77e25b0a149a6bfb7f	3
99	127	91	90185c058d11e245cf8104562925f276	3
0	98	-27	90185c058d11e245cf8104562925f276	3
126	126	-45	24f282039a161ea1916c22bfe6f00f87	5
127	127	-78	24f282039a161ea1916c22bfe6f00f87	5
0	124	-10	24f282039a161ea1916c22bfe6f00f87	5
125	125	73	24f282039a161ea1916c22bfe6f00f87	5
128	213	-91	90185c058d11e245cf8104562925f276	3
214	214	-73	90185c058d11e245cf8104562925f276	3
186	186	88	569c3a6cfa0ae9a2b86bbdb2bcfe972c	5
71	127	6	569c3a6cfa0ae9a2b86bbdb2bcfe972c	5
0	70	45	569c3a6cfa0ae9a2b86bbdb2bcfe972c	5
128	185	80	569c3a6cfa0ae9a2b86bbdb2bcfe972c	5
190	190	-75	f5d9b328c5c6bf21a76ef7b4fe5ba6d5	5
0	45	-29	f5d9b328c5c6bf21a76ef7b4fe5ba6d5	5
46	122	56	f5d9b328c5c6bf21a76ef7b4fe5ba6d5	5
123	189	-65	f5d9b328c5c6bf21a76ef7b4fe5ba6d5	5
0	87	-93	aacbb30dad10839bf579923233172e0e	5
193	200	25	aacbb30dad10839bf579923233172e0e	5
157	192	60	aacbb30dad10839bf579923233172e0e	5
88	156	91	aacbb30dad10839bf579923233172e0e	5
71	127	3	569c3a6cfa0ae9a2b86bbdb2bcfe972c	4
0	70	-34	569c3a6cfa0ae9a2b86bbdb2bcfe972c	4
186	186	0	569c3a6cfa0ae9a2b86bbdb2bcfe972c	4
128	185	-21	569c3a6cfa0ae9a2b86bbdb2bcfe972c	4
87	152	92	2313e172dd5bdfb480f8f10644d4ef92	4
153	199	14	2313e172dd5bdfb480f8f10644d4ef92	4
200	200	75	2313e172dd5bdfb480f8f10644d4ef92	4
0	86	74	2313e172dd5bdfb480f8f10644d4ef92	4
162	203	-24	6b3448c4bc757f599f521a9b56ce2109	4
56	161	62	6b3448c4bc757f599f521a9b56ce2109	4
204	204	71	6b3448c4bc757f599f521a9b56ce2109	4
0	55	19	6b3448c4bc757f599f521a9b56ce2109	4
0	24	-85	f7b1a2f526a38d1d39135998e5c0437e	4
149	187	13	f7b1a2f526a38d1d39135998e5c0437e	4
25	148	-47	f7b1a2f526a38d1d39135998e5c0437e	4
188	188	38	f7b1a2f526a38d1d39135998e5c0437e	4
0	135	-80	f3e89efb839f102f358f690f0551f464	4
194	194	60	f3e89efb839f102f358f690f0551f464	4
136	193	-45	f3e89efb839f102f358f690f0551f464	4
196	196	81	f8dcaa9e4dd9dbe1d9ff5027236e66d8	4
225	225	-69	726278350ef90c2569ddab99036c2547	5
144	224	-38	726278350ef90c2569ddab99036c2547	5
68	143	-38	726278350ef90c2569ddab99036c2547	5
0	67	-92	726278350ef90c2569ddab99036c2547	5
199	199	-62	0f4e291a4ab65943007a65cd38028fc4	5
0	134	-15	0f4e291a4ab65943007a65cd38028fc4	5
135	198	28	0f4e291a4ab65943007a65cd38028fc4	5
151	151	-63	a12a2857bdbfa4777adab9bbfa786c0f	5
0	150	-12	a12a2857bdbfa4777adab9bbfa786c0f	5
0	110	-80	b0bfb920a4f4182d9955d7a15ae86699	5
111	195	-12	b0bfb920a4f4182d9955d7a15ae86699	5
196	196	-29	b0bfb920a4f4182d9955d7a15ae86699	5
124	205	80	7672ea061d13e276fd9a97dab551e74c	5
0	123	51	7672ea061d13e276fd9a97dab551e74c	5
206	206	16	7672ea061d13e276fd9a97dab551e74c	5
120	120	68	6fcf3b56555ea19c44152fd7c2070999	5
88	119	57	6fcf3b56555ea19c44152fd7c2070999	5
121	121	88	6fcf3b56555ea19c44152fd7c2070999	5
0	87	-32	6fcf3b56555ea19c44152fd7c2070999	5
122	122	86	6fcf3b56555ea19c44152fd7c2070999	5
98	129	-40	dfab96fcd4731d00c5cab4a6ec2fe4ee	3
130	188	70	dfab96fcd4731d00c5cab4a6ec2fe4ee	3
0	97	-50	dfab96fcd4731d00c5cab4a6ec2fe4ee	3
189	189	-36	dfab96fcd4731d00c5cab4a6ec2fe4ee	3
149	182	-61	798c209c66d423a6bca3ed0bb928b1f8	3
0	73	-21	798c209c66d423a6bca3ed0bb928b1f8	3
207	207	-65	798c209c66d423a6bca3ed0bb928b1f8	3
74	148	-33	798c209c66d423a6bca3ed0bb928b1f8	3
183	206	-11	798c209c66d423a6bca3ed0bb928b1f8	3
0	59	34	d99afeecbf1b33b8ad09c1cb26604c11	3
60	138	23	d99afeecbf1b33b8ad09c1cb26604c11	3
197	197	59	d99afeecbf1b33b8ad09c1cb26604c11	3
139	196	92	d99afeecbf1b33b8ad09c1cb26604c11	3
56	161	41	6b3448c4bc757f599f521a9b56ce2109	3
0	55	46	6b3448c4bc757f599f521a9b56ce2109	3
162	203	63	6b3448c4bc757f599f521a9b56ce2109	3
204	204	32	6b3448c4bc757f599f521a9b56ce2109	3
136	193	-42	f3e89efb839f102f358f690f0551f464	3
0	135	71	f3e89efb839f102f358f690f0551f464	3
194	194	90	f3e89efb839f102f358f690f0551f464	3
210	210	66	286c5e5f37fabb77e25b0a149a6bfb7f	5
0	93	-27	286c5e5f37fabb77e25b0a149a6bfb7f	5
167	209	-4	286c5e5f37fabb77e25b0a149a6bfb7f	5
94	166	41	286c5e5f37fabb77e25b0a149a6bfb7f	5
132	192	41	3f6b4168be77cfb7b27678c64178ba3f	5
0	131	-67	3f6b4168be77cfb7b27678c64178ba3f	5
193	193	62	3f6b4168be77cfb7b27678c64178ba3f	5
0	64	-50	d4a7ce3d706859bde1208ddac67ceeb7	5
158	196	82	d4a7ce3d706859bde1208ddac67ceeb7	5
197	197	-83	d4a7ce3d706859bde1208ddac67ceeb7	5
65	95	14	d4a7ce3d706859bde1208ddac67ceeb7	5
96	157	73	d4a7ce3d706859bde1208ddac67ceeb7	5
96	157	35	d4a7ce3d706859bde1208ddac67ceeb7	4
158	196	90	d4a7ce3d706859bde1208ddac67ceeb7	4
0	64	-26	d4a7ce3d706859bde1208ddac67ceeb7	4
197	197	-69	d4a7ce3d706859bde1208ddac67ceeb7	4
65	95	16	d4a7ce3d706859bde1208ddac67ceeb7	4
152	192	89	a0a9d768e8adfbf23ae8d7cab8a94b23	4
0	78	63	a0a9d768e8adfbf23ae8d7cab8a94b23	4
193	193	-36	a0a9d768e8adfbf23ae8d7cab8a94b23	4
79	151	-98	a0a9d768e8adfbf23ae8d7cab8a94b23	4
0	112	-38	deaa95b682d5433315504d0de19663d2	4
149	207	2	deaa95b682d5433315504d0de19663d2	4
208	208	-97	deaa95b682d5433315504d0de19663d2	4
113	148	95	deaa95b682d5433315504d0de19663d2	4
0	126	1	94d85434fbd7183e35f7b7d92f0f53c3	4
127	127	81	94d85434fbd7183e35f7b7d92f0f53c3	4
128	128	-62	94d85434fbd7183e35f7b7d92f0f53c3	4
129	129	34	94d85434fbd7183e35f7b7d92f0f53c3	4
167	209	4	286c5e5f37fabb77e25b0a149a6bfb7f	4
210	210	-18	286c5e5f37fabb77e25b0a149a6bfb7f	4
94	166	44	286c5e5f37fabb77e25b0a149a6bfb7f	4
0	93	58	286c5e5f37fabb77e25b0a149a6bfb7f	4
0	83	74	07334a246eca545e7fb1eedce939ce81	4
205	205	-83	07334a246eca545e7fb1eedce939ce81	4
84	204	-52	07334a246eca545e7fb1eedce939ce81	4
0	177	42	00cd2f86ed0602f017dc07f4aa46b1f8	4
178	178	57	00cd2f86ed0602f017dc07f4aa46b1f8	4
103	154	78	fb31e6800c67acad7c0190434e35674e	4
155	197	-25	fb31e6800c67acad7c0190434e35674e	4
0	102	-1	fb31e6800c67acad7c0190434e35674e	4
198	198	-3	fb31e6800c67acad7c0190434e35674e	4
0	61	90	0f5ac1fdac8b38f5ccfa34f091a92920	4
156	207	-15	0f5ac1fdac8b38f5ccfa34f091a92920	4
62	155	-16	0f5ac1fdac8b38f5ccfa34f091a92920	4
208	208	-81	0f5ac1fdac8b38f5ccfa34f091a92920	4
0	141	-79	aabef6e60161cc7f3705fa4668c51d89	4
198	198	21	cc669e9119b368e579d793b5a4e21881	3
35	127	30	cefffd7058ac48c40eaacf367bc80fe1	3
33	33	57	cefffd7058ac48c40eaacf367bc80fe1	3
34	34	44	cefffd7058ac48c40eaacf367bc80fe1	3
129	129	-8	cefffd7058ac48c40eaacf367bc80fe1	3
128	128	95	cefffd7058ac48c40eaacf367bc80fe1	3
0	32	48	cefffd7058ac48c40eaacf367bc80fe1	3
130	130	-69	cefffd7058ac48c40eaacf367bc80fe1	3
109	197	13	cc669e9119b368e579d793b5a4e21881	3
0	108	-76	cc669e9119b368e579d793b5a4e21881	3
129	129	31	4d5deb1579e41c39fc0b319d8c08f362	3
69	133	22	a52984f3a9c3fad7be89325db5f25876	4
0	68	77	a52984f3a9c3fad7be89325db5f25876	4
134	201	-5	a52984f3a9c3fad7be89325db5f25876	4
202	202	-30	a52984f3a9c3fad7be89325db5f25876	4
148	194	-24	9db95b0848c196b20c90f5b08ed60cd4	5
0	147	-97	9db95b0848c196b20c90f5b08ed60cd4	5
195	195	94	9db95b0848c196b20c90f5b08ed60cd4	5
172	191	-62	2b26a3061f7c1ede69ae3257fe7ac767	4
0	88	35	2b26a3061f7c1ede69ae3257fe7ac767	4
192	192	27	2b26a3061f7c1ede69ae3257fe7ac767	4
89	171	-43	2b26a3061f7c1ede69ae3257fe7ac767	4
182	182	-66	ad5168bf4cccf0a630862e848783c73c	5
0	79	44	ad5168bf4cccf0a630862e848783c73c	5
80	181	83	ad5168bf4cccf0a630862e848783c73c	5
0	67	-85	0f9d98b3f32c7d2fcdac9cdc6182cb5e	5
186	186	-1	0f9d98b3f32c7d2fcdac9cdc6182cb5e	5
68	139	4	0f9d98b3f32c7d2fcdac9cdc6182cb5e	5
140	185	46	0f9d98b3f32c7d2fcdac9cdc6182cb5e	5
128	185	0	569c3a6cfa0ae9a2b86bbdb2bcfe972c	3
0	70	1	569c3a6cfa0ae9a2b86bbdb2bcfe972c	3
186	186	63	569c3a6cfa0ae9a2b86bbdb2bcfe972c	3
71	127	93	569c3a6cfa0ae9a2b86bbdb2bcfe972c	3
190	190	-89	f5d9b328c5c6bf21a76ef7b4fe5ba6d5	3
123	189	67	f5d9b328c5c6bf21a76ef7b4fe5ba6d5	3
46	122	-21	f5d9b328c5c6bf21a76ef7b4fe5ba6d5	3
0	45	99	f5d9b328c5c6bf21a76ef7b4fe5ba6d5	3
116	197	-80	2c4e23122fcbad4480914094ed4d3d31	3
0	115	98	2c4e23122fcbad4480914094ed4d3d31	3
198	198	86	2c4e23122fcbad4480914094ed4d3d31	3
207	207	18	798c209c66d423a6bca3ed0bb928b1f8	5
183	206	15	798c209c66d423a6bca3ed0bb928b1f8	5
149	182	47	798c209c66d423a6bca3ed0bb928b1f8	5
74	148	-37	798c209c66d423a6bca3ed0bb928b1f8	5
0	73	58	798c209c66d423a6bca3ed0bb928b1f8	5
193	193	57	a0a9d768e8adfbf23ae8d7cab8a94b23	5
79	151	-78	a0a9d768e8adfbf23ae8d7cab8a94b23	5
152	192	-74	a0a9d768e8adfbf23ae8d7cab8a94b23	5
0	78	-28	a0a9d768e8adfbf23ae8d7cab8a94b23	5
0	98	80	90185c058d11e245cf8104562925f276	5
99	127	-30	90185c058d11e245cf8104562925f276	5
214	214	-89	90185c058d11e245cf8104562925f276	5
128	213	67	90185c058d11e245cf8104562925f276	5
0	96	-99	fd174e3c7d15bd4aa125898a4790f6bb	4
97	183	-1	fd174e3c7d15bd4aa125898a4790f6bb	4
184	184	90	fd174e3c7d15bd4aa125898a4790f6bb	4
183	206	-15	798c209c66d423a6bca3ed0bb928b1f8	4
74	148	-87	798c209c66d423a6bca3ed0bb928b1f8	4
149	182	14	798c209c66d423a6bca3ed0bb928b1f8	4
0	73	74	798c209c66d423a6bca3ed0bb928b1f8	4
207	207	74	798c209c66d423a6bca3ed0bb928b1f8	4
190	190	59	f5d9b328c5c6bf21a76ef7b4fe5ba6d5	4
130	130	13	cefffd7058ac48c40eaacf367bc80fe1	5
0	32	0	cefffd7058ac48c40eaacf367bc80fe1	5
33	33	-18	cefffd7058ac48c40eaacf367bc80fe1	5
35	127	94	cefffd7058ac48c40eaacf367bc80fe1	5
34	34	71	cefffd7058ac48c40eaacf367bc80fe1	5
128	128	95	cefffd7058ac48c40eaacf367bc80fe1	5
129	129	-78	cefffd7058ac48c40eaacf367bc80fe1	5
0	45	-3	f5d9b328c5c6bf21a76ef7b4fe5ba6d5	4
46	122	-26	f5d9b328c5c6bf21a76ef7b4fe5ba6d5	4
123	189	-41	f5d9b328c5c6bf21a76ef7b4fe5ba6d5	4
0	115	-48	2c4e23122fcbad4480914094ed4d3d31	4
198	198	-30	2c4e23122fcbad4480914094ed4d3d31	4
116	197	-41	2c4e23122fcbad4480914094ed4d3d31	4
0	63	-73	9ce9938322eb60482aa9b472c5a38c0e	4
141	198	-32	9ce9938322eb60482aa9b472c5a38c0e	4
64	140	-36	9ce9938322eb60482aa9b472c5a38c0e	4
199	199	-86	9ce9938322eb60482aa9b472c5a38c0e	4
87	105	-84	24197448f9055e968d37a2a802c0852d	4
0	86	39	24197448f9055e968d37a2a802c0852d	4
183	183	96	24197448f9055e968d37a2a802c0852d	4
106	182	-77	24197448f9055e968d37a2a802c0852d	4
0	162	-30	fe476580c60e67cd9cab45c9fbd1347a	4
197	197	23	fe476580c60e67cd9cab45c9fbd1347a	4
163	196	77	fe476580c60e67cd9cab45c9fbd1347a	4
224	268	-4	8208b08a7bafe2f31718c2dbddf98544	3
269	269	-79	8208b08a7bafe2f31718c2dbddf98544	3
85	86	-63	8208b08a7bafe2f31718c2dbddf98544	3
222	223	0	8208b08a7bafe2f31718c2dbddf98544	3
96	172	-92	8208b08a7bafe2f31718c2dbddf98544	3
0	84	36	8208b08a7bafe2f31718c2dbddf98544	3
173	221	-30	8208b08a7bafe2f31718c2dbddf98544	3
87	95	-72	8208b08a7bafe2f31718c2dbddf98544	3
197	197	76	fe476580c60e67cd9cab45c9fbd1347a	3
163	196	-17	fe476580c60e67cd9cab45c9fbd1347a	3
0	162	75	fe476580c60e67cd9cab45c9fbd1347a	3
0	149	-83	62d947f7d7b0c452a483835728e144ea	3
150	196	-69	62d947f7d7b0c452a483835728e144ea	3
197	197	36	62d947f7d7b0c452a483835728e144ea	3
155	193	86	6154494f525645359d975fe81801878a	3
65	154	-85	6154494f525645359d975fe81801878a	3
203	203	8	177dddf8903103d347127690901187a3	3
0	126	-22	177dddf8903103d347127690901187a3	3
127	202	-9	177dddf8903103d347127690901187a3	3
0	63	73	9ce9938322eb60482aa9b472c5a38c0e	5
199	199	25	9ce9938322eb60482aa9b472c5a38c0e	5
0	118	-23	419aea533c3bcd1d7dff06f5bdb44ec0	5
207	207	64	2753a89206837ec6ebe7c45ea6fc3832	5
0	73	7	2753a89206837ec6ebe7c45ea6fc3832	5
74	206	-43	2753a89206837ec6ebe7c45ea6fc3832	5
248	248	35	916236537a3b3d19ea72d0e5a86d86a5	5
0	247	16	916236537a3b3d19ea72d0e5a86d86a5	5
0	68	-9	a52984f3a9c3fad7be89325db5f25876	5
69	133	-20	a52984f3a9c3fad7be89325db5f25876	5
134	201	78	a52984f3a9c3fad7be89325db5f25876	5
202	202	51	a52984f3a9c3fad7be89325db5f25876	5
65	95	-77	d4a7ce3d706859bde1208ddac67ceeb7	3
96	157	16	d4a7ce3d706859bde1208ddac67ceeb7	3
158	196	24	d4a7ce3d706859bde1208ddac67ceeb7	3
0	64	-96	d4a7ce3d706859bde1208ddac67ceeb7	3
197	197	-93	d4a7ce3d706859bde1208ddac67ceeb7	3
95	197	-52	41568380557d5cbcd153edd1386fa023	3
0	94	-72	41568380557d5cbcd153edd1386fa023	3
198	198	76	41568380557d5cbcd153edd1386fa023	3
142	195	-71	1e391166cd6dcd39841f403e28a8f063	3
196	196	-87	1e391166cd6dcd39841f403e28a8f063	3
39	97	82	1e391166cd6dcd39841f403e28a8f063	3
0	38	89	1e391166cd6dcd39841f403e28a8f063	3
98	141	20	1e391166cd6dcd39841f403e28a8f063	3
130	188	29	dfab96fcd4731d00c5cab4a6ec2fe4ee	5
98	129	42	dfab96fcd4731d00c5cab4a6ec2fe4ee	5
0	97	-89	dfab96fcd4731d00c5cab4a6ec2fe4ee	5
189	189	43	dfab96fcd4731d00c5cab4a6ec2fe4ee	5
193	193	39	3f6b4168be77cfb7b27678c64178ba3f	3
132	192	-80	3f6b4168be77cfb7b27678c64178ba3f	3
0	131	-75	3f6b4168be77cfb7b27678c64178ba3f	3
139	196	-59	d99afeecbf1b33b8ad09c1cb26604c11	5
0	59	21	d99afeecbf1b33b8ad09c1cb26604c11	5
197	197	72	d99afeecbf1b33b8ad09c1cb26604c11	5
60	138	-82	d99afeecbf1b33b8ad09c1cb26604c11	5
208	208	-70	deaa95b682d5433315504d0de19663d2	5
0	112	79	deaa95b682d5433315504d0de19663d2	5
113	148	-83	deaa95b682d5433315504d0de19663d2	5
0	79	33	88f1da4fb7538662c977bd3eb76dc883	3
80	123	-85	88f1da4fb7538662c977bd3eb76dc883	3
124	124	-70	88f1da4fb7538662c977bd3eb76dc883	3
125	125	-4	88f1da4fb7538662c977bd3eb76dc883	3
126	126	71	88f1da4fb7538662c977bd3eb76dc883	3
149	207	35	deaa95b682d5433315504d0de19663d2	5
198	198	25	41568380557d5cbcd153edd1386fa023	5
0	94	88	41568380557d5cbcd153edd1386fa023	5
95	197	-28	41568380557d5cbcd153edd1386fa023	5
116	197	-61	2c4e23122fcbad4480914094ed4d3d31	5
198	198	-6	2c4e23122fcbad4480914094ed4d3d31	5
0	115	-20	2c4e23122fcbad4480914094ed4d3d31	5
0	135	21	f3e89efb839f102f358f690f0551f464	5
136	193	-40	f3e89efb839f102f358f690f0551f464	5
194	194	36	f3e89efb839f102f358f690f0551f464	5
0	97	-72	dfab96fcd4731d00c5cab4a6ec2fe4ee	4
130	188	-1	dfab96fcd4731d00c5cab4a6ec2fe4ee	4
98	129	-23	dfab96fcd4731d00c5cab4a6ec2fe4ee	4
189	189	76	dfab96fcd4731d00c5cab4a6ec2fe4ee	4
0	94	53	41568380557d5cbcd153edd1386fa023	4
95	197	65	41568380557d5cbcd153edd1386fa023	4
198	198	54	41568380557d5cbcd153edd1386fa023	4
214	214	-62	90185c058d11e245cf8104562925f276	4
128	213	72	90185c058d11e245cf8104562925f276	4
99	127	-56	90185c058d11e245cf8104562925f276	4
0	98	4	90185c058d11e245cf8104562925f276	4
39	97	70	1e391166cd6dcd39841f403e28a8f063	4
196	196	-51	1e391166cd6dcd39841f403e28a8f063	4
0	38	28	1e391166cd6dcd39841f403e28a8f063	4
98	141	-16	1e391166cd6dcd39841f403e28a8f063	4
142	195	-52	1e391166cd6dcd39841f403e28a8f063	4
65	154	-32	6154494f525645359d975fe81801878a	4
155	193	-41	6154494f525645359d975fe81801878a	4
0	64	-75	6154494f525645359d975fe81801878a	4
194	194	17	6154494f525645359d975fe81801878a	4
66	172	-14	5897adc6d709f87aece65521ee889b85	4
173	173	-20	5897adc6d709f87aece65521ee889b85	4
0	65	16	5897adc6d709f87aece65521ee889b85	4
106	143	-23	bdfb27b02f672cfd3c01b3c36e4f7002	4
52	105	-82	bdfb27b02f672cfd3c01b3c36e4f7002	4
198	198	78	bdfb27b02f672cfd3c01b3c36e4f7002	4
144	197	66	bdfb27b02f672cfd3c01b3c36e4f7002	4
0	51	17	bdfb27b02f672cfd3c01b3c36e4f7002	4
137	190	40	3e49f4344ad3d39b8c691b48b9c0417a	4
0	60	-2	3e49f4344ad3d39b8c691b48b9c0417a	4
191	191	70	3e49f4344ad3d39b8c691b48b9c0417a	4
61	136	-20	3e49f4344ad3d39b8c691b48b9c0417a	4
84	204	57	07334a246eca545e7fb1eedce939ce81	3
205	205	-63	07334a246eca545e7fb1eedce939ce81	3
0	83	17	07334a246eca545e7fb1eedce939ce81	3
0	65	-81	5897adc6d709f87aece65521ee889b85	3
66	172	-52	5897adc6d709f87aece65521ee889b85	3
173	173	5	5897adc6d709f87aece65521ee889b85	3
52	105	-5	bdfb27b02f672cfd3c01b3c36e4f7002	3
0	51	-57	bdfb27b02f672cfd3c01b3c36e4f7002	3
106	143	56	bdfb27b02f672cfd3c01b3c36e4f7002	3
144	197	-28	bdfb27b02f672cfd3c01b3c36e4f7002	3
198	198	-83	bdfb27b02f672cfd3c01b3c36e4f7002	3
194	194	-70	6154494f525645359d975fe81801878a	3
0	64	-13	6154494f525645359d975fe81801878a	3
59	159	-90	74702d0dfe190a1c5832f6b7b9f59cc5	5
160	160	-49	74702d0dfe190a1c5832f6b7b9f59cc5	5
111	133	-59	7e7f8f5ce23dcf15c4352eee848e8eaf	5
109	110	-45	7e7f8f5ce23dcf15c4352eee848e8eaf	5
129	129	20	94d85434fbd7183e35f7b7d92f0f53c3	3
0	126	-85	94d85434fbd7183e35f7b7d92f0f53c3	3
127	127	57	94d85434fbd7183e35f7b7d92f0f53c3	3
128	128	-65	94d85434fbd7183e35f7b7d92f0f53c3	3
137	137	90	7e7f8f5ce23dcf15c4352eee848e8eaf	5
0	108	-11	7e7f8f5ce23dcf15c4352eee848e8eaf	5
134	136	81	7e7f8f5ce23dcf15c4352eee848e8eaf	5
89	171	42	2b26a3061f7c1ede69ae3257fe7ac767	5
0	88	-34	2b26a3061f7c1ede69ae3257fe7ac767	5
192	192	-87	2b26a3061f7c1ede69ae3257fe7ac767	5
172	191	82	2b26a3061f7c1ede69ae3257fe7ac767	5
97	183	3	fd174e3c7d15bd4aa125898a4790f6bb	3
184	184	22	fd174e3c7d15bd4aa125898a4790f6bb	3
0	96	-93	fd174e3c7d15bd4aa125898a4790f6bb	3
79	151	58	a0a9d768e8adfbf23ae8d7cab8a94b23	3
193	193	87	a0a9d768e8adfbf23ae8d7cab8a94b23	3
0	78	84	a0a9d768e8adfbf23ae8d7cab8a94b23	3
152	192	-24	a0a9d768e8adfbf23ae8d7cab8a94b23	3
188	188	99	f7b1a2f526a38d1d39135998e5c0437e	3
0	24	-41	f7b1a2f526a38d1d39135998e5c0437e	3
25	148	38	f7b1a2f526a38d1d39135998e5c0437e	3
149	187	71	f7b1a2f526a38d1d39135998e5c0437e	3
97	183	14	fd174e3c7d15bd4aa125898a4790f6bb	5
184	184	-61	fd174e3c7d15bd4aa125898a4790f6bb	5
0	96	66	fd174e3c7d15bd4aa125898a4790f6bb	5
0	86	32	2313e172dd5bdfb480f8f10644d4ef92	5
87	152	-61	2313e172dd5bdfb480f8f10644d4ef92	5
200	200	12	2313e172dd5bdfb480f8f10644d4ef92	5
153	199	85	2313e172dd5bdfb480f8f10644d4ef92	5
149	187	12	f7b1a2f526a38d1d39135998e5c0437e	5
188	188	-94	f7b1a2f526a38d1d39135998e5c0437e	5
0	24	28	f7b1a2f526a38d1d39135998e5c0437e	5
25	148	16	f7b1a2f526a38d1d39135998e5c0437e	5
56	161	-61	6b3448c4bc757f599f521a9b56ce2109	5
162	203	45	6b3448c4bc757f599f521a9b56ce2109	5
125	125	-96	88f1da4fb7538662c977bd3eb76dc883	5
124	124	-28	88f1da4fb7538662c977bd3eb76dc883	5
126	126	-10	88f1da4fb7538662c977bd3eb76dc883	5
80	123	-92	88f1da4fb7538662c977bd3eb76dc883	5
0	79	-40	88f1da4fb7538662c977bd3eb76dc883	5
0	55	54	6b3448c4bc757f599f521a9b56ce2109	5
204	204	-44	6b3448c4bc757f599f521a9b56ce2109	5
39	97	-94	1e391166cd6dcd39841f403e28a8f063	5
142	195	86	1e391166cd6dcd39841f403e28a8f063	5
0	38	61	1e391166cd6dcd39841f403e28a8f063	5
196	196	-25	1e391166cd6dcd39841f403e28a8f063	5
98	141	-10	1e391166cd6dcd39841f403e28a8f063	5
0	59	10	d99afeecbf1b33b8ad09c1cb26604c11	4
197	197	6	d99afeecbf1b33b8ad09c1cb26604c11	4
139	196	-16	d99afeecbf1b33b8ad09c1cb26604c11	4
60	138	-71	d99afeecbf1b33b8ad09c1cb26604c11	4
88	156	71	aacbb30dad10839bf579923233172e0e	4
0	87	59	aacbb30dad10839bf579923233172e0e	4
193	200	-54	aacbb30dad10839bf579923233172e0e	4
157	192	-71	aacbb30dad10839bf579923233172e0e	4
193	193	-12	3f6b4168be77cfb7b27678c64178ba3f	4
132	192	-61	3f6b4168be77cfb7b27678c64178ba3f	4
0	131	31	3f6b4168be77cfb7b27678c64178ba3f	4
85	86	52	8208b08a7bafe2f31718c2dbddf98544	4
0	84	-9	8208b08a7bafe2f31718c2dbddf98544	4
87	95	-69	8208b08a7bafe2f31718c2dbddf98544	4
173	221	46	8208b08a7bafe2f31718c2dbddf98544	4
269	269	-73	8208b08a7bafe2f31718c2dbddf98544	4
222	223	-61	8208b08a7bafe2f31718c2dbddf98544	4
96	172	-92	8208b08a7bafe2f31718c2dbddf98544	4
224	268	6	8208b08a7bafe2f31718c2dbddf98544	4
197	197	-33	62d947f7d7b0c452a483835728e144ea	4
150	196	-11	62d947f7d7b0c452a483835728e144ea	4
0	149	-63	62d947f7d7b0c452a483835728e144ea	4
199	199	-88	ad5d0664bb30f652c719b5b1e4fed324	4
114	198	7	ad5d0664bb30f652c719b5b1e4fed324	4
0	113	-63	ad5d0664bb30f652c719b5b1e4fed324	4
166	200	33	7e0d809f6f6f6ea6fae52cdb36488917	4
51	89	-65	7e0d809f6f6f6ea6fae52cdb36488917	4
120	165	31	7e0d809f6f6f6ea6fae52cdb36488917	4
0	50	69	7e0d809f6f6f6ea6fae52cdb36488917	4
90	119	-40	7e0d809f6f6f6ea6fae52cdb36488917	4
155	197	-97	fb31e6800c67acad7c0190434e35674e	3
103	154	87	fb31e6800c67acad7c0190434e35674e	3
0	102	81	fb31e6800c67acad7c0190434e35674e	3
198	198	-15	fb31e6800c67acad7c0190434e35674e	3
0	177	90	00cd2f86ed0602f017dc07f4aa46b1f8	3
178	178	-1	00cd2f86ed0602f017dc07f4aa46b1f8	3
0	141	55	aabef6e60161cc7f3705fa4668c51d89	3
0	149	1	62d947f7d7b0c452a483835728e144ea	5
197	197	-24	62d947f7d7b0c452a483835728e144ea	5
150	196	90	62d947f7d7b0c452a483835728e144ea	5
141	198	-24	9ce9938322eb60482aa9b472c5a38c0e	5
64	140	-48	9ce9938322eb60482aa9b472c5a38c0e	5
0	177	29	00cd2f86ed0602f017dc07f4aa46b1f8	5
178	178	71	00cd2f86ed0602f017dc07f4aa46b1f8	5
0	86	-16	24197448f9055e968d37a2a802c0852d	5
106	182	-89	24197448f9055e968d37a2a802c0852d	5
56	130	36	f8dcaa9e4dd9dbe1d9ff5027236e66d8	4
0	55	44	f8dcaa9e4dd9dbe1d9ff5027236e66d8	4
120	120	-24	6fcf3b56555ea19c44152fd7c2070999	3
122	122	90	6fcf3b56555ea19c44152fd7c2070999	3
88	119	-55	6fcf3b56555ea19c44152fd7c2070999	3
121	121	91	6fcf3b56555ea19c44152fd7c2070999	3
0	87	80	6fcf3b56555ea19c44152fd7c2070999	3
130	130	71	4d5deb1579e41c39fc0b319d8c08f362	4
0	128	-38	4d5deb1579e41c39fc0b319d8c08f362	4
131	131	-2	4d5deb1579e41c39fc0b319d8c08f362	4
129	129	22	4d5deb1579e41c39fc0b319d8c08f362	4
131	195	47	f8dcaa9e4dd9dbe1d9ff5027236e66d8	4
0	108	-13	cc669e9119b368e579d793b5a4e21881	4
109	197	43	cc669e9119b368e579d793b5a4e21881	4
198	198	-53	cc669e9119b368e579d793b5a4e21881	4
200	200	-10	8a5aa55c91a073428399716e6905db6a	4
0	57	-45	8a5aa55c91a073428399716e6905db6a	4
123	199	-36	8a5aa55c91a073428399716e6905db6a	4
58	122	-24	8a5aa55c91a073428399716e6905db6a	4
120	120	74	6fcf3b56555ea19c44152fd7c2070999	4
121	121	-13	6fcf3b56555ea19c44152fd7c2070999	4
122	122	53	6fcf3b56555ea19c44152fd7c2070999	4
0	87	-37	6fcf3b56555ea19c44152fd7c2070999	4
88	119	55	6fcf3b56555ea19c44152fd7c2070999	4
127	202	75	177dddf8903103d347127690901187a3	4
203	203	-80	177dddf8903103d347127690901187a3	4
0	126	-84	177dddf8903103d347127690901187a3	4
199	199	-93	9ce9938322eb60482aa9b472c5a38c0e	3
0	63	76	9ce9938322eb60482aa9b472c5a38c0e	3
64	140	-58	9ce9938322eb60482aa9b472c5a38c0e	3
141	198	-23	9ce9938322eb60482aa9b472c5a38c0e	3
106	182	69	24197448f9055e968d37a2a802c0852d	3
183	183	39	24197448f9055e968d37a2a802c0852d	3
87	105	7	24197448f9055e968d37a2a802c0852d	3
0	86	80	24197448f9055e968d37a2a802c0852d	3
0	55	76	f8dcaa9e4dd9dbe1d9ff5027236e66d8	3
131	195	35	f8dcaa9e4dd9dbe1d9ff5027236e66d8	3
56	130	85	f8dcaa9e4dd9dbe1d9ff5027236e66d8	3
196	196	64	f8dcaa9e4dd9dbe1d9ff5027236e66d8	3
144	197	-74	bdfb27b02f672cfd3c01b3c36e4f7002	5
106	143	-61	bdfb27b02f672cfd3c01b3c36e4f7002	5
52	105	45	bdfb27b02f672cfd3c01b3c36e4f7002	5
198	198	56	bdfb27b02f672cfd3c01b3c36e4f7002	5
0	51	-63	bdfb27b02f672cfd3c01b3c36e4f7002	5
65	154	-56	6154494f525645359d975fe81801878a	5
194	194	26	6154494f525645359d975fe81801878a	5
0	64	87	6154494f525645359d975fe81801878a	5
155	193	-29	6154494f525645359d975fe81801878a	5
62	155	89	0f5ac1fdac8b38f5ccfa34f091a92920	5
208	208	71	0f5ac1fdac8b38f5ccfa34f091a92920	5
156	207	-13	0f5ac1fdac8b38f5ccfa34f091a92920	5
199	199	-83	ad5d0664bb30f652c719b5b1e4fed324	5
0	61	5	0f5ac1fdac8b38f5ccfa34f091a92920	5
114	198	-46	ad5d0664bb30f652c719b5b1e4fed324	5
0	113	32	ad5d0664bb30f652c719b5b1e4fed324	5
0	108	-16	cc669e9119b368e579d793b5a4e21881	5
109	197	-43	cc669e9119b368e579d793b5a4e21881	5
198	198	-26	cc669e9119b368e579d793b5a4e21881	5
85	86	41	8208b08a7bafe2f31718c2dbddf98544	5
0	57	13	8a5aa55c91a073428399716e6905db6a	3
222	223	-99	8208b08a7bafe2f31718c2dbddf98544	5
96	172	-91	8208b08a7bafe2f31718c2dbddf98544	5
58	122	74	8a5aa55c91a073428399716e6905db6a	3
0	84	2	8208b08a7bafe2f31718c2dbddf98544	5
156	207	4	0f5ac1fdac8b38f5ccfa34f091a92920	3
173	221	44	8208b08a7bafe2f31718c2dbddf98544	5
123	199	14	8a5aa55c91a073428399716e6905db6a	3
269	269	70	8208b08a7bafe2f31718c2dbddf98544	5
200	200	80	8a5aa55c91a073428399716e6905db6a	3
87	95	0	8208b08a7bafe2f31718c2dbddf98544	5
208	208	-51	0f5ac1fdac8b38f5ccfa34f091a92920	3
224	268	11	8208b08a7bafe2f31718c2dbddf98544	5
0	61	-46	0f5ac1fdac8b38f5ccfa34f091a92920	3
62	155	17	0f5ac1fdac8b38f5ccfa34f091a92920	3
84	204	76	07334a246eca545e7fb1eedce939ce81	5
205	205	-49	07334a246eca545e7fb1eedce939ce81	5
0	83	-93	07334a246eca545e7fb1eedce939ce81	5
127	202	-70	177dddf8903103d347127690901187a3	5
203	203	-92	177dddf8903103d347127690901187a3	5
0	126	-95	177dddf8903103d347127690901187a3	5
0	50	31	7e0d809f6f6f6ea6fae52cdb36488917	5
90	119	-67	7e0d809f6f6f6ea6fae52cdb36488917	5
166	200	39	7e0d809f6f6f6ea6fae52cdb36488917	5
58	122	90	8a5aa55c91a073428399716e6905db6a	5
0	57	58	8a5aa55c91a073428399716e6905db6a	5
200	200	36	8a5aa55c91a073428399716e6905db6a	5
123	199	-43	8a5aa55c91a073428399716e6905db6a	5
51	89	34	7e0d809f6f6f6ea6fae52cdb36488917	5
120	165	-70	7e0d809f6f6f6ea6fae52cdb36488917	5
0	60	-53	3e49f4344ad3d39b8c691b48b9c0417a	5
191	191	-93	3e49f4344ad3d39b8c691b48b9c0417a	5
61	136	25	3e49f4344ad3d39b8c691b48b9c0417a	5
137	190	13	3e49f4344ad3d39b8c691b48b9c0417a	5
0	57	41	8141794ddd271415643a75136c4df7ed	3
192	192	68	8141794ddd271415643a75136c4df7ed	3
58	122	98	8141794ddd271415643a75136c4df7ed	3
123	191	90	8141794ddd271415643a75136c4df7ed	3
114	198	30	ad5d0664bb30f652c719b5b1e4fed324	3
199	199	83	ad5d0664bb30f652c719b5b1e4fed324	3
0	113	-11	ad5d0664bb30f652c719b5b1e4fed324	3
0	102	-94	fb31e6800c67acad7c0190434e35674e	5
198	198	69	fb31e6800c67acad7c0190434e35674e	5
155	197	-89	fb31e6800c67acad7c0190434e35674e	5
103	154	67	fb31e6800c67acad7c0190434e35674e	5
137	190	-27	3e49f4344ad3d39b8c691b48b9c0417a	3
0	60	5	3e49f4344ad3d39b8c691b48b9c0417a	3
191	191	41	3e49f4344ad3d39b8c691b48b9c0417a	3
61	136	55	3e49f4344ad3d39b8c691b48b9c0417a	3
90	119	84	7e0d809f6f6f6ea6fae52cdb36488917	3
0	50	59	7e0d809f6f6f6ea6fae52cdb36488917	3
0	79	65	88f1da4fb7538662c977bd3eb76dc883	4
126	126	22	88f1da4fb7538662c977bd3eb76dc883	4
125	125	-8	88f1da4fb7538662c977bd3eb76dc883	4
80	123	85	88f1da4fb7538662c977bd3eb76dc883	4
124	124	15	88f1da4fb7538662c977bd3eb76dc883	4
51	89	29	7e0d809f6f6f6ea6fae52cdb36488917	3
166	200	-13	7e0d809f6f6f6ea6fae52cdb36488917	3
87	105	-15	24197448f9055e968d37a2a802c0852d	5
129	129	2	cefffd7058ac48c40eaacf367bc80fe1	4
128	128	-37	cefffd7058ac48c40eaacf367bc80fe1	4
35	127	-86	cefffd7058ac48c40eaacf367bc80fe1	4
0	32	67	cefffd7058ac48c40eaacf367bc80fe1	4
34	34	75	cefffd7058ac48c40eaacf367bc80fe1	4
33	33	1	cefffd7058ac48c40eaacf367bc80fe1	4
130	130	-51	cefffd7058ac48c40eaacf367bc80fe1	4
183	183	17	24197448f9055e968d37a2a802c0852d	5
120	165	-76	7e0d809f6f6f6ea6fae52cdb36488917	3
56	130	15	f8dcaa9e4dd9dbe1d9ff5027236e66d8	5
0	65	78	5897adc6d709f87aece65521ee889b85	5
131	195	24	f8dcaa9e4dd9dbe1d9ff5027236e66d8	5
66	172	-3	5897adc6d709f87aece65521ee889b85	5
0	55	-34	f8dcaa9e4dd9dbe1d9ff5027236e66d8	5
173	173	-28	5897adc6d709f87aece65521ee889b85	5
196	196	38	f8dcaa9e4dd9dbe1d9ff5027236e66d8	5
0	141	-20	aabef6e60161cc7f3705fa4668c51d89	5
0	162	61	fe476580c60e67cd9cab45c9fbd1347a	5
197	197	23	fe476580c60e67cd9cab45c9fbd1347a	5
163	196	78	fe476580c60e67cd9cab45c9fbd1347a	5
192	192	44	d336805c1891ac7b66ef74031b88b24a	3
124	191	24	d336805c1891ac7b66ef74031b88b24a	3
52	123	58	d336805c1891ac7b66ef74031b88b24a	3
0	51	79	d336805c1891ac7b66ef74031b88b24a	3
195	195	48	4895fcc2d42f73505356826c35f1f621	3
0	80	94	4895fcc2d42f73505356826c35f1f621	3
154	194	78	4895fcc2d42f73505356826c35f1f621	3
78	199	61	83bfbd0bf6c781444d6dbab117e33e5f	3
0	46	0	83bfbd0bf6c781444d6dbab117e33e5f	3
81	153	45	4895fcc2d42f73505356826c35f1f621	3
47	77	59	83bfbd0bf6c781444d6dbab117e33e5f	3
200	200	53	83bfbd0bf6c781444d6dbab117e33e5f	3
186	186	-35	54d28893d988398ef46ad62a2bbb04b6	3
0	100	1	54d28893d988398ef46ad62a2bbb04b6	3
101	185	49	54d28893d988398ef46ad62a2bbb04b6	3
116	194	-18	8f58e0455f9119fe0988e9e357589af0	3
212	212	61	5df096076bdf0126daaa873db6c96c6c	3
195	195	31	8f58e0455f9119fe0988e9e357589af0	3
0	211	65	5df096076bdf0126daaa873db6c96c6c	3
0	115	85	8f58e0455f9119fe0988e9e357589af0	3
0	117	-45	668b4c92223079639852dbe9ea75dc7d	3
193	193	18	343ac788ce8c3cff21b0f31bcfef7435	3
200	200	53	668b4c92223079639852dbe9ea75dc7d	3
129	192	-22	343ac788ce8c3cff21b0f31bcfef7435	3
118	199	49	668b4c92223079639852dbe9ea75dc7d	3
64	128	-52	343ac788ce8c3cff21b0f31bcfef7435	3
0	63	94	343ac788ce8c3cff21b0f31bcfef7435	3
198	198	-98	974ca607685171fc4650938ef02cd642	3
0	168	4	974ca607685171fc4650938ef02cd642	3
0	148	74	7e7e6b7126c4f0c782abb8db29cca6cd	3
169	197	-37	974ca607685171fc4650938ef02cd642	3
198	198	28	7e7e6b7126c4f0c782abb8db29cca6cd	3
149	197	40	7e7e6b7126c4f0c782abb8db29cca6cd	3
0	96	-56	dd94f0c40b0943bee4deb0772a69173f	3
154	197	89	dcab1e69026da91209bcb2e42b4038dd	3
199	199	55	dd94f0c40b0943bee4deb0772a69173f	3
0	97	53	dcab1e69026da91209bcb2e42b4038dd	3
138	198	23	dd94f0c40b0943bee4deb0772a69173f	3
98	153	6	dcab1e69026da91209bcb2e42b4038dd	3
97	137	82	dd94f0c40b0943bee4deb0772a69173f	3
198	198	-24	dcab1e69026da91209bcb2e42b4038dd	3
119	149	-35	13aed80bd72e2bf173ea6d932b4cc245	3
150	193	-60	13aed80bd72e2bf173ea6d932b4cc245	3
194	194	-54	13aed80bd72e2bf173ea6d932b4cc245	3
199	199	47	9aa2a8b28f4204bc48b27a4199fc1c3b	3
153	198	-76	8a8bce6d3a9ccd1ff836435d0c04a482	3
0	118	-9	13aed80bd72e2bf173ea6d932b4cc245	3
55	74	-24	9aa2a8b28f4204bc48b27a4199fc1c3b	3
199	199	79	8a8bce6d3a9ccd1ff836435d0c04a482	3
0	152	-17	8a8bce6d3a9ccd1ff836435d0c04a482	3
136	192	-95	dd551c7706d025cdbbd7165a6a9294e0	3
75	148	-34	9aa2a8b28f4204bc48b27a4199fc1c3b	3
0	54	84	9aa2a8b28f4204bc48b27a4199fc1c3b	3
0	55	-72	460ed5c68861387833285470d856acbc	3
149	198	-59	9aa2a8b28f4204bc48b27a4199fc1c3b	3
79	135	85	dd551c7706d025cdbbd7165a6a9294e0	3
56	143	-52	460ed5c68861387833285470d856acbc	3
193	193	-91	460ed5c68861387833285470d856acbc	3
144	192	-86	460ed5c68861387833285470d856acbc	3
52	123	87	d336805c1891ac7b66ef74031b88b24a	5
192	192	73	d336805c1891ac7b66ef74031b88b24a	5
124	191	60	d336805c1891ac7b66ef74031b88b24a	5
0	51	-17	d336805c1891ac7b66ef74031b88b24a	5
0	115	-23	8f58e0455f9119fe0988e9e357589af0	5
116	194	2	8f58e0455f9119fe0988e9e357589af0	5
195	195	0	8f58e0455f9119fe0988e9e357589af0	5
0	97	-35	dcab1e69026da91209bcb2e42b4038dd	5
198	198	13	dcab1e69026da91209bcb2e42b4038dd	5
154	197	99	dcab1e69026da91209bcb2e42b4038dd	5
98	153	-91	dcab1e69026da91209bcb2e42b4038dd	5
0	54	-43	9aa2a8b28f4204bc48b27a4199fc1c3b	5
55	74	-75	9aa2a8b28f4204bc48b27a4199fc1c3b	5
75	148	-93	9aa2a8b28f4204bc48b27a4199fc1c3b	5
149	198	45	9aa2a8b28f4204bc48b27a4199fc1c3b	5
199	199	-61	9aa2a8b28f4204bc48b27a4199fc1c3b	5
0	100	88	54d28893d988398ef46ad62a2bbb04b6	5
101	185	-90	54d28893d988398ef46ad62a2bbb04b6	5
186	186	20	54d28893d988398ef46ad62a2bbb04b6	5
52	123	48	d336805c1891ac7b66ef74031b88b24a	4
124	191	-37	d336805c1891ac7b66ef74031b88b24a	4
0	51	-62	d336805c1891ac7b66ef74031b88b24a	4
192	192	63	d336805c1891ac7b66ef74031b88b24a	4
118	199	-44	668b4c92223079639852dbe9ea75dc7d	4
0	117	37	668b4c92223079639852dbe9ea75dc7d	4
200	200	95	668b4c92223079639852dbe9ea75dc7d	4
150	193	-78	13aed80bd72e2bf173ea6d932b4cc245	4
0	118	17	13aed80bd72e2bf173ea6d932b4cc245	4
194	194	57	13aed80bd72e2bf173ea6d932b4cc245	4
119	149	40	13aed80bd72e2bf173ea6d932b4cc245	4
212	212	-56	5df096076bdf0126daaa873db6c96c6c	5
0	211	98	5df096076bdf0126daaa873db6c96c6c	5
81	156	-100	f526d5ef3b4579c71d5691ba3169a545	4
157	160	74	f526d5ef3b4579c71d5691ba3169a545	4
79	80	-70	f526d5ef3b4579c71d5691ba3169a545	4
0	78	-73	f526d5ef3b4579c71d5691ba3169a545	4
161	161	95	f526d5ef3b4579c71d5691ba3169a545	4
0	70	-10	5f0138c9badbdc36bcf15906fbcd80ec	4
215	215	60	5f0138c9badbdc36bcf15906fbcd80ec	4
71	167	37	5f0138c9badbdc36bcf15906fbcd80ec	4
168	214	-15	5f0138c9badbdc36bcf15906fbcd80ec	4
70	119	-39	3b26d0e1b027911e0debab5f1b8b524d	4
0	69	-33	3b26d0e1b027911e0debab5f1b8b524d	4
202	202	18	3b26d0e1b027911e0debab5f1b8b524d	4
120	201	-88	3b26d0e1b027911e0debab5f1b8b524d	4
199	199	-11	5b8d750d6dcf7f3af10a4ac1b0960f25	4
0	136	40	5b8d750d6dcf7f3af10a4ac1b0960f25	4
137	198	-20	5b8d750d6dcf7f3af10a4ac1b0960f25	4
0	109	61	316abf82b2ccf3573fe72cfbf9119cca	3
279	279	65	316abf82b2ccf3573fe72cfbf9119cca	3
110	278	39	316abf82b2ccf3573fe72cfbf9119cca	3
168	214	51	5f0138c9badbdc36bcf15906fbcd80ec	3
0	70	56	5f0138c9badbdc36bcf15906fbcd80ec	3
71	167	96	5f0138c9badbdc36bcf15906fbcd80ec	3
215	215	16	5f0138c9badbdc36bcf15906fbcd80ec	3
114	207	-6	41c554273d3b645329bbbff4175c5024	3
208	208	62	41c554273d3b645329bbbff4175c5024	3
0	64	-17	41c554273d3b645329bbbff4175c5024	3
65	113	-16	41c554273d3b645329bbbff4175c5024	3
163	196	75	6dc6adb9adf7c61382e0ec08a3e29263	3
197	197	29	6dc6adb9adf7c61382e0ec08a3e29263	3
0	30	-84	6dc6adb9adf7c61382e0ec08a3e29263	3
31	162	-12	6dc6adb9adf7c61382e0ec08a3e29263	3
24	44	-35	645bbacedd03a279c8bdc4bc13b3e911	5
0	23	-67	645bbacedd03a279c8bdc4bc13b3e911	5
79	134	-43	645bbacedd03a279c8bdc4bc13b3e911	5
192	192	-94	645bbacedd03a279c8bdc4bc13b3e911	5
45	78	-21	645bbacedd03a279c8bdc4bc13b3e911	5
135	191	-83	645bbacedd03a279c8bdc4bc13b3e911	5
97	198	-74	1d862d9ae54c432f50c139255ec0398c	5
0	96	-46	1d862d9ae54c432f50c139255ec0398c	5
199	199	42	1d862d9ae54c432f50c139255ec0398c	5
0	70	-73	4ee6b53b38f5dcec18db2186401dbcfa	5
199	199	70	4ee6b53b38f5dcec18db2186401dbcfa	5
156	198	-44	4ee6b53b38f5dcec18db2186401dbcfa	5
71	155	-45	4ee6b53b38f5dcec18db2186401dbcfa	5
0	78	-99	dd551c7706d025cdbbd7165a6a9294e0	3
193	193	5	dd551c7706d025cdbbd7165a6a9294e0	3
0	25	26	1ca6c29121511b67cad62a11ee4a189f	5
26	98	65	1ca6c29121511b67cad62a11ee4a189f	5
99	186	-75	1ca6c29121511b67cad62a11ee4a189f	5
187	187	-27	1ca6c29121511b67cad62a11ee4a189f	5
200	200	-40	668b4c92223079639852dbe9ea75dc7d	5
0	117	91	668b4c92223079639852dbe9ea75dc7d	5
118	199	79	668b4c92223079639852dbe9ea75dc7d	5
194	194	50	13aed80bd72e2bf173ea6d932b4cc245	5
0	118	9	13aed80bd72e2bf173ea6d932b4cc245	5
119	149	39	13aed80bd72e2bf173ea6d932b4cc245	5
150	193	43	13aed80bd72e2bf173ea6d932b4cc245	5
154	194	-51	4895fcc2d42f73505356826c35f1f621	4
81	153	-4	4895fcc2d42f73505356826c35f1f621	4
0	80	55	4895fcc2d42f73505356826c35f1f621	4
195	195	79	4895fcc2d42f73505356826c35f1f621	4
212	212	-21	5df096076bdf0126daaa873db6c96c6c	4
0	211	73	5df096076bdf0126daaa873db6c96c6c	4
198	198	-73	dcab1e69026da91209bcb2e42b4038dd	4
98	153	39	dcab1e69026da91209bcb2e42b4038dd	4
0	97	-95	dcab1e69026da91209bcb2e42b4038dd	4
154	197	88	dcab1e69026da91209bcb2e42b4038dd	4
199	199	44	9aa2a8b28f4204bc48b27a4199fc1c3b	4
0	54	29	9aa2a8b28f4204bc48b27a4199fc1c3b	4
55	74	22	9aa2a8b28f4204bc48b27a4199fc1c3b	4
75	148	5	9aa2a8b28f4204bc48b27a4199fc1c3b	4
149	198	37	9aa2a8b28f4204bc48b27a4199fc1c3b	4
0	63	-11	343ac788ce8c3cff21b0f31bcfef7435	4
64	128	60	343ac788ce8c3cff21b0f31bcfef7435	4
193	193	-21	343ac788ce8c3cff21b0f31bcfef7435	4
129	192	80	343ac788ce8c3cff21b0f31bcfef7435	4
136	198	91	b920fbf63d7591f9156dfb48a5bd95a1	4
50	95	66	b920fbf63d7591f9156dfb48a5bd95a1	4
96	135	73	b920fbf63d7591f9156dfb48a5bd95a1	4
0	49	-12	b920fbf63d7591f9156dfb48a5bd95a1	4
199	199	85	b920fbf63d7591f9156dfb48a5bd95a1	4
279	279	15	316abf82b2ccf3573fe72cfbf9119cca	4
110	278	53	316abf82b2ccf3573fe72cfbf9119cca	4
0	109	-73	316abf82b2ccf3573fe72cfbf9119cca	4
0	153	-14	99682896c255e8ba6960d5c92c58a4d7	4
154	197	30	99682896c255e8ba6960d5c92c58a4d7	4
198	198	-91	99682896c255e8ba6960d5c92c58a4d7	4
0	70	36	4ee6b53b38f5dcec18db2186401dbcfa	4
199	199	-99	4ee6b53b38f5dcec18db2186401dbcfa	4
156	198	-63	4ee6b53b38f5dcec18db2186401dbcfa	4
71	155	-95	4ee6b53b38f5dcec18db2186401dbcfa	4
81	156	-58	f526d5ef3b4579c71d5691ba3169a545	3
161	161	-32	f526d5ef3b4579c71d5691ba3169a545	3
0	78	-76	f526d5ef3b4579c71d5691ba3169a545	3
157	160	37	f526d5ef3b4579c71d5691ba3169a545	3
79	80	33	f526d5ef3b4579c71d5691ba3169a545	3
0	126	36	b7ed8af6e18a32ad33eeec2f0d07c46e	3
187	187	-10	b7ed8af6e18a32ad33eeec2f0d07c46e	3
127	186	-11	b7ed8af6e18a32ad33eeec2f0d07c46e	3
146	193	-17	c07ce8ef88dafef0e66a8ac288e00d61	3
0	78	-72	c07ce8ef88dafef0e66a8ac288e00d61	3
194	194	65	c07ce8ef88dafef0e66a8ac288e00d61	3
79	145	-92	c07ce8ef88dafef0e66a8ac288e00d61	3
137	198	35	5b8d750d6dcf7f3af10a4ac1b0960f25	3
0	136	88	5b8d750d6dcf7f3af10a4ac1b0960f25	3
199	199	69	5b8d750d6dcf7f3af10a4ac1b0960f25	3
103	197	-26	08a7d2dff25750f03380ed9fd2e9aa0b	5
198	198	57	08a7d2dff25750f03380ed9fd2e9aa0b	5
0	102	-21	08a7d2dff25750f03380ed9fd2e9aa0b	5
0	109	62	316abf82b2ccf3573fe72cfbf9119cca	5
110	278	-44	316abf82b2ccf3573fe72cfbf9119cca	5
279	279	21	316abf82b2ccf3573fe72cfbf9119cca	5
198	198	83	b867bffc12d9a80c228afc2e09e90cc5	5
0	77	-6	b867bffc12d9a80c228afc2e09e90cc5	5
155	197	81	b867bffc12d9a80c228afc2e09e90cc5	5
78	154	85	b867bffc12d9a80c228afc2e09e90cc5	5
0	69	-57	3b26d0e1b027911e0debab5f1b8b524d	5
120	201	-94	3b26d0e1b027911e0debab5f1b8b524d	5
202	202	2	3b26d0e1b027911e0debab5f1b8b524d	5
70	119	-3	3b26d0e1b027911e0debab5f1b8b524d	5
137	198	-33	5b8d750d6dcf7f3af10a4ac1b0960f25	5
199	199	-20	5b8d750d6dcf7f3af10a4ac1b0960f25	5
0	136	30	5b8d750d6dcf7f3af10a4ac1b0960f25	5
0	25	-2	1ca6c29121511b67cad62a11ee4a189f	3
26	98	58	1ca6c29121511b67cad62a11ee4a189f	3
99	186	74	1ca6c29121511b67cad62a11ee4a189f	3
187	187	-18	1ca6c29121511b67cad62a11ee4a189f	3
154	194	22	4895fcc2d42f73505356826c35f1f621	5
81	153	-61	4895fcc2d42f73505356826c35f1f621	5
0	80	98	4895fcc2d42f73505356826c35f1f621	5
195	195	-77	4895fcc2d42f73505356826c35f1f621	5
0	168	-73	974ca607685171fc4650938ef02cd642	5
169	197	-14	974ca607685171fc4650938ef02cd642	5
198	198	-26	974ca607685171fc4650938ef02cd642	5
97	137	-63	dd94f0c40b0943bee4deb0772a69173f	5
138	198	-67	dd94f0c40b0943bee4deb0772a69173f	5
0	96	7	dd94f0c40b0943bee4deb0772a69173f	5
199	199	91	dd94f0c40b0943bee4deb0772a69173f	5
79	135	-16	dd551c7706d025cdbbd7165a6a9294e0	5
136	192	-13	dd551c7706d025cdbbd7165a6a9294e0	5
0	78	53	dd551c7706d025cdbbd7165a6a9294e0	5
193	193	-55	dd551c7706d025cdbbd7165a6a9294e0	5
101	185	64	54d28893d988398ef46ad62a2bbb04b6	4
0	100	-18	54d28893d988398ef46ad62a2bbb04b6	4
186	186	81	54d28893d988398ef46ad62a2bbb04b6	4
116	194	-49	8f58e0455f9119fe0988e9e357589af0	4
0	115	1	8f58e0455f9119fe0988e9e357589af0	4
195	195	60	8f58e0455f9119fe0988e9e357589af0	4
0	152	35	8a8bce6d3a9ccd1ff836435d0c04a482	4
199	199	21	8a8bce6d3a9ccd1ff836435d0c04a482	4
153	198	76	8a8bce6d3a9ccd1ff836435d0c04a482	4
65	152	-35	b918aa327d84ba9b0e23b3c72333d955	4
153	199	-96	b918aa327d84ba9b0e23b3c72333d955	4
0	64	-68	b918aa327d84ba9b0e23b3c72333d955	4
200	200	74	b918aa327d84ba9b0e23b3c72333d955	4
112	192	27	3071d9741c6b3c5348d161ef260bc590	4
193	193	-80	3071d9741c6b3c5348d161ef260bc590	4
0	111	54	3071d9741c6b3c5348d161ef260bc590	4
198	198	-25	08a7d2dff25750f03380ed9fd2e9aa0b	4
103	197	-47	08a7d2dff25750f03380ed9fd2e9aa0b	4
0	102	41	08a7d2dff25750f03380ed9fd2e9aa0b	4
161	161	72	9b9e351b4b804fdba0eacd8fd0ffbbef	4
0	160	79	9b9e351b4b804fdba0eacd8fd0ffbbef	4
198	198	-9	b867bffc12d9a80c228afc2e09e90cc5	4
0	77	-42	b867bffc12d9a80c228afc2e09e90cc5	4
78	154	88	b867bffc12d9a80c228afc2e09e90cc5	4
155	197	-79	b867bffc12d9a80c228afc2e09e90cc5	4
79	145	83	c07ce8ef88dafef0e66a8ac288e00d61	4
194	194	52	c07ce8ef88dafef0e66a8ac288e00d61	4
146	193	41	c07ce8ef88dafef0e66a8ac288e00d61	4
0	78	8	c07ce8ef88dafef0e66a8ac288e00d61	4
163	196	71	6dc6adb9adf7c61382e0ec08a3e29263	4
197	197	9	6dc6adb9adf7c61382e0ec08a3e29263	4
0	30	-15	6dc6adb9adf7c61382e0ec08a3e29263	4
31	162	-91	6dc6adb9adf7c61382e0ec08a3e29263	4
184	184	-87	c0a9a8cb959eabe9532fee0dc4dd1050	3
92	158	-72	c0a9a8cb959eabe9532fee0dc4dd1050	3
159	183	-37	c0a9a8cb959eabe9532fee0dc4dd1050	3
0	91	-16	c0a9a8cb959eabe9532fee0dc4dd1050	3
0	153	-85	99682896c255e8ba6960d5c92c58a4d7	3
154	197	-25	99682896c255e8ba6960d5c92c58a4d7	3
198	198	-75	99682896c255e8ba6960d5c92c58a4d7	3
155	197	-100	b867bffc12d9a80c228afc2e09e90cc5	3
78	154	-92	b867bffc12d9a80c228afc2e09e90cc5	3
198	198	-26	b867bffc12d9a80c228afc2e09e90cc5	3
0	77	-38	b867bffc12d9a80c228afc2e09e90cc5	3
70	119	-88	3b26d0e1b027911e0debab5f1b8b524d	3
120	201	42	3b26d0e1b027911e0debab5f1b8b524d	3
202	202	78	3b26d0e1b027911e0debab5f1b8b524d	3
0	69	-55	3b26d0e1b027911e0debab5f1b8b524d	3
156	198	80	4ee6b53b38f5dcec18db2186401dbcfa	3
0	70	99	4ee6b53b38f5dcec18db2186401dbcfa	3
199	199	-36	4ee6b53b38f5dcec18db2186401dbcfa	3
71	155	6	4ee6b53b38f5dcec18db2186401dbcfa	3
193	193	1	3071d9741c6b3c5348d161ef260bc590	3
112	192	39	3071d9741c6b3c5348d161ef260bc590	3
0	111	-72	3071d9741c6b3c5348d161ef260bc590	3
0	126	76	b7ed8af6e18a32ad33eeec2f0d07c46e	5
187	187	36	b7ed8af6e18a32ad33eeec2f0d07c46e	5
127	186	-67	b7ed8af6e18a32ad33eeec2f0d07c46e	5
208	208	-72	41c554273d3b645329bbbff4175c5024	5
0	64	-7	41c554273d3b645329bbbff4175c5024	5
65	113	13	41c554273d3b645329bbbff4175c5024	5
114	207	-10	41c554273d3b645329bbbff4175c5024	5
0	57	-65	8141794ddd271415643a75136c4df7ed	5
58	122	-57	8141794ddd271415643a75136c4df7ed	5
192	192	51	8141794ddd271415643a75136c4df7ed	5
123	191	-92	8141794ddd271415643a75136c4df7ed	5
200	200	-88	83bfbd0bf6c781444d6dbab117e33e5f	5
78	199	45	83bfbd0bf6c781444d6dbab117e33e5f	5
47	77	-7	83bfbd0bf6c781444d6dbab117e33e5f	5
0	46	-90	83bfbd0bf6c781444d6dbab117e33e5f	5
0	152	95	8a8bce6d3a9ccd1ff836435d0c04a482	5
153	198	9	8a8bce6d3a9ccd1ff836435d0c04a482	5
199	199	-98	8a8bce6d3a9ccd1ff836435d0c04a482	5
200	200	37	b918aa327d84ba9b0e23b3c72333d955	5
0	64	33	b918aa327d84ba9b0e23b3c72333d955	5
65	152	67	b918aa327d84ba9b0e23b3c72333d955	5
153	199	25	b918aa327d84ba9b0e23b3c72333d955	5
58	122	-50	8141794ddd271415643a75136c4df7ed	4
192	192	-83	8141794ddd271415643a75136c4df7ed	4
0	57	-54	8141794ddd271415643a75136c4df7ed	4
123	191	-38	8141794ddd271415643a75136c4df7ed	4
78	199	86	83bfbd0bf6c781444d6dbab117e33e5f	4
0	46	-3	83bfbd0bf6c781444d6dbab117e33e5f	4
47	77	83	83bfbd0bf6c781444d6dbab117e33e5f	4
200	200	26	83bfbd0bf6c781444d6dbab117e33e5f	4
199	199	18	dd94f0c40b0943bee4deb0772a69173f	4
97	137	-78	dd94f0c40b0943bee4deb0772a69173f	4
138	198	-68	dd94f0c40b0943bee4deb0772a69173f	4
0	96	60	dd94f0c40b0943bee4deb0772a69173f	4
56	143	-53	460ed5c68861387833285470d856acbc	4
193	193	27	460ed5c68861387833285470d856acbc	4
0	55	-86	460ed5c68861387833285470d856acbc	4
144	192	57	460ed5c68861387833285470d856acbc	4
24	44	40	645bbacedd03a279c8bdc4bc13b3e911	4
0	23	-24	645bbacedd03a279c8bdc4bc13b3e911	4
45	78	21	645bbacedd03a279c8bdc4bc13b3e911	4
192	192	-47	645bbacedd03a279c8bdc4bc13b3e911	4
135	191	-54	645bbacedd03a279c8bdc4bc13b3e911	4
79	134	4	645bbacedd03a279c8bdc4bc13b3e911	4
127	186	-61	b7ed8af6e18a32ad33eeec2f0d07c46e	4
187	187	70	b7ed8af6e18a32ad33eeec2f0d07c46e	4
0	126	70	b7ed8af6e18a32ad33eeec2f0d07c46e	4
0	64	-62	41c554273d3b645329bbbff4175c5024	4
208	208	9	41c554273d3b645329bbbff4175c5024	4
114	207	-72	41c554273d3b645329bbbff4175c5024	4
65	113	-44	41c554273d3b645329bbbff4175c5024	4
136	198	2	b920fbf63d7591f9156dfb48a5bd95a1	3
0	49	42	b920fbf63d7591f9156dfb48a5bd95a1	3
50	95	-48	b920fbf63d7591f9156dfb48a5bd95a1	3
199	199	-82	b920fbf63d7591f9156dfb48a5bd95a1	3
96	135	-44	b920fbf63d7591f9156dfb48a5bd95a1	3
192	192	98	645bbacedd03a279c8bdc4bc13b3e911	3
24	44	67	645bbacedd03a279c8bdc4bc13b3e911	3
135	191	66	645bbacedd03a279c8bdc4bc13b3e911	3
79	134	-9	645bbacedd03a279c8bdc4bc13b3e911	3
0	23	97	645bbacedd03a279c8bdc4bc13b3e911	3
45	78	40	645bbacedd03a279c8bdc4bc13b3e911	3
0	96	22	1d862d9ae54c432f50c139255ec0398c	3
97	198	78	1d862d9ae54c432f50c139255ec0398c	3
199	199	-7	1d862d9ae54c432f50c139255ec0398c	3
193	193	-84	3071d9741c6b3c5348d161ef260bc590	5
0	111	96	3071d9741c6b3c5348d161ef260bc590	5
112	192	-78	3071d9741c6b3c5348d161ef260bc590	5
0	153	78	99682896c255e8ba6960d5c92c58a4d7	5
154	197	-74	99682896c255e8ba6960d5c92c58a4d7	5
198	198	-20	99682896c255e8ba6960d5c92c58a4d7	5
215	215	23	5f0138c9badbdc36bcf15906fbcd80ec	5
0	70	76	5f0138c9badbdc36bcf15906fbcd80ec	5
71	167	82	5f0138c9badbdc36bcf15906fbcd80ec	5
168	214	39	5f0138c9badbdc36bcf15906fbcd80ec	5
161	161	8	9b9e351b4b804fdba0eacd8fd0ffbbef	5
0	160	-32	9b9e351b4b804fdba0eacd8fd0ffbbef	5
153	199	-100	b918aa327d84ba9b0e23b3c72333d955	3
200	200	14	b918aa327d84ba9b0e23b3c72333d955	3
0	64	-61	b918aa327d84ba9b0e23b3c72333d955	3
65	152	57	b918aa327d84ba9b0e23b3c72333d955	3
129	192	75	343ac788ce8c3cff21b0f31bcfef7435	5
64	128	-23	343ac788ce8c3cff21b0f31bcfef7435	5
193	193	-39	343ac788ce8c3cff21b0f31bcfef7435	5
0	63	6	343ac788ce8c3cff21b0f31bcfef7435	5
149	197	-77	7e7e6b7126c4f0c782abb8db29cca6cd	5
198	198	-33	7e7e6b7126c4f0c782abb8db29cca6cd	5
0	148	-94	7e7e6b7126c4f0c782abb8db29cca6cd	5
56	143	-18	460ed5c68861387833285470d856acbc	5
193	193	93	460ed5c68861387833285470d856acbc	5
144	192	96	460ed5c68861387833285470d856acbc	5
0	55	-52	460ed5c68861387833285470d856acbc	5
0	25	-45	1ca6c29121511b67cad62a11ee4a189f	4
187	187	36	1ca6c29121511b67cad62a11ee4a189f	4
26	98	-88	1ca6c29121511b67cad62a11ee4a189f	4
99	186	-95	1ca6c29121511b67cad62a11ee4a189f	4
0	168	-3	974ca607685171fc4650938ef02cd642	4
169	197	24	974ca607685171fc4650938ef02cd642	4
198	198	-76	974ca607685171fc4650938ef02cd642	4
0	148	-91	7e7e6b7126c4f0c782abb8db29cca6cd	4
198	198	-90	7e7e6b7126c4f0c782abb8db29cca6cd	4
149	197	-44	7e7e6b7126c4f0c782abb8db29cca6cd	4
136	192	-89	dd551c7706d025cdbbd7165a6a9294e0	4
79	135	-72	dd551c7706d025cdbbd7165a6a9294e0	4
0	78	58	dd551c7706d025cdbbd7165a6a9294e0	4
193	193	-35	dd551c7706d025cdbbd7165a6a9294e0	4
159	183	59	c0a9a8cb959eabe9532fee0dc4dd1050	4
92	158	2	c0a9a8cb959eabe9532fee0dc4dd1050	4
0	91	27	c0a9a8cb959eabe9532fee0dc4dd1050	4
184	184	-97	c0a9a8cb959eabe9532fee0dc4dd1050	4
201	201	88	577e0dc01646ee6faaa64c438cdf6c28	4
0	46	-19	577e0dc01646ee6faaa64c438cdf6c28	4
47	165	-84	577e0dc01646ee6faaa64c438cdf6c28	4
166	200	64	577e0dc01646ee6faaa64c438cdf6c28	4
199	199	-69	1d862d9ae54c432f50c139255ec0398c	4
0	96	71	1d862d9ae54c432f50c139255ec0398c	4
97	198	-99	1d862d9ae54c432f50c139255ec0398c	4
0	102	-10	08a7d2dff25750f03380ed9fd2e9aa0b	3
198	198	-41	08a7d2dff25750f03380ed9fd2e9aa0b	3
103	197	54	08a7d2dff25750f03380ed9fd2e9aa0b	3
47	165	-17	577e0dc01646ee6faaa64c438cdf6c28	3
201	201	93	577e0dc01646ee6faaa64c438cdf6c28	3
0	46	51	577e0dc01646ee6faaa64c438cdf6c28	3
166	200	-70	577e0dc01646ee6faaa64c438cdf6c28	3
161	161	77	9b9e351b4b804fdba0eacd8fd0ffbbef	3
0	160	-32	9b9e351b4b804fdba0eacd8fd0ffbbef	3
159	183	76	c0a9a8cb959eabe9532fee0dc4dd1050	5
0	91	54	c0a9a8cb959eabe9532fee0dc4dd1050	5
92	158	-78	c0a9a8cb959eabe9532fee0dc4dd1050	5
184	184	-100	c0a9a8cb959eabe9532fee0dc4dd1050	5
96	135	-23	b920fbf63d7591f9156dfb48a5bd95a1	5
136	198	68	b920fbf63d7591f9156dfb48a5bd95a1	5
0	49	51	b920fbf63d7591f9156dfb48a5bd95a1	5
199	199	-79	b920fbf63d7591f9156dfb48a5bd95a1	5
50	95	-54	b920fbf63d7591f9156dfb48a5bd95a1	5
81	156	25	f526d5ef3b4579c71d5691ba3169a545	5
0	78	-94	f526d5ef3b4579c71d5691ba3169a545	5
79	80	78	f526d5ef3b4579c71d5691ba3169a545	5
161	161	-36	f526d5ef3b4579c71d5691ba3169a545	5
157	160	-91	f526d5ef3b4579c71d5691ba3169a545	5
47	165	53	577e0dc01646ee6faaa64c438cdf6c28	5
0	46	73	577e0dc01646ee6faaa64c438cdf6c28	5
201	201	-45	577e0dc01646ee6faaa64c438cdf6c28	5
166	200	11	577e0dc01646ee6faaa64c438cdf6c28	5
194	194	-13	c07ce8ef88dafef0e66a8ac288e00d61	5
79	145	89	c07ce8ef88dafef0e66a8ac288e00d61	5
146	193	-48	c07ce8ef88dafef0e66a8ac288e00d61	5
0	78	-67	c07ce8ef88dafef0e66a8ac288e00d61	5
31	162	84	6dc6adb9adf7c61382e0ec08a3e29263	5
163	196	-26	6dc6adb9adf7c61382e0ec08a3e29263	5
197	197	17	6dc6adb9adf7c61382e0ec08a3e29263	5
0	30	2	6dc6adb9adf7c61382e0ec08a3e29263	5
\.


--
-- Data for Name: crawler; Type: TABLE DATA; Schema: public; Owner: -
--

COPY crawler (id, disabled, ignoreanalyzer, name, token) FROM stdin;
1	f	f	Bing Search	oo3wwlnic6jsu9h17p5h4cxrirzz7kcje9tn3e9gw1w09t3xr
8	f	f	RSS Crawler	da39a3ee5e6b4b0d5255bfef95601890afd80709
\.


--
-- Data for Name: groupset; Type: TABLE DATA; Schema: public; Owner: -
--

COPY groupset (id, name) FROM stdin;
6	Random Analyzers
10	Test Analyzers
\.


--
-- Data for Name: groupset_analyzer; Type: TABLE DATA; Schema: public; Owner: -
--

COPY groupset_analyzer (groupsets_id, analyzers_id) FROM stdin;
6	3
6	4
10	5
\.


--
-- Name: hibernate_sequence; Type: SEQUENCE SET; Schema: public; Owner: -
--

SELECT pg_catalog.setval('hibernate_sequence', 10, true);


--
-- Data for Name: newsentry; Type: TABLE DATA; Schema: public; Owner: -
--

COPY newsentry (id, content, date, image, rating, source, title, url, crawler_id) FROM stdin;
02c2bbe4930071373277851de39b2fe9	Arbeitspsychologe an der Fachhochschule der Diakonie in Bielefeld. Dies habe aber Folgen: Es verhindere nmlich hufig ...	2017-01-07 04:26:00	\N	0	NWZ Online	E-Mails zu festen Zeiten lesen	http://www.nwzonline.de/bildung-beruf/e-mails-zu_a_31,2,752411533.html	1
7938af88a5da93011ba7dec9077d60c7	An der Fachhochschule Bielefeld unterrichtet etwa die gleiche Anzahl Professoren (250) etwa halb so viele Studenten, verglichen ...	2017-01-04 11:02:00	http://www.lz.de/_em_daten/_cache/image/1xjDWSjmWTxaph8jgPIKk73AsspYyVfmL0quBSbKQZckozWv84sqJT99S6unNXe6ynLLtEcIl4gJgzQNoaujeMWg/170104-1146-urnnewsmldpacom20090101170102-99-722823.jpg	0	Lippische Landeszeitung	Wenig Lehrpersonal: Ein Professor betreut 90 Studenten	http://www.lz.de/ueberregional/owl/21533849_OWL-Hochschulen-haben-wenig-Lehrpersonal-Wenig-Lehrpersonal-Ein-Professor-betreut-90-Studenten.html?em_cnt=21533849	1
4d5deb1579e41c39fc0b319d8c08f362	Tim Hagemann von der Fachhochschule der Diakonie in Bielefeld gibt Tipps, worauf Berufsttige bei der jhrlichen Urlaubsplanung ...	2017-01-03 02:37:00	http://www.lr-online.de/storage/scl/xmliosimport/stm/3858802_m1t1w500q75v45249_201612081742-GU26FUPNS.1-ORG.jpg?version=1483153957	0	Lausitzer Rundschau	Abstand gewinnen	http://www.lr-online.de/tipps-und-trends/beruf_bildung/lr-karriere/art79157,5767507	1
24f282039a161ea1916c22bfe6f00f87	Im Rahmen eines Pressegesprchs wird die Fachhochschule des Mittelstands (FHM) Bielefeld das neue Ergnzungsstudium zum/zur ...	2017-01-04 15:57:00	http://www.juraforum.de/bilder/x,qelement=nachrichten,aid=281242.pagespeed.ic.XpITOepsKW.jpg	0	Jura Forum	FHM Bielefeld kooperiert mit der Landesgartenschau	http://www.juraforum.de/wissenschaft/fhm-bielefeld-kooperiert-mit-der-landesgartenschau-579105	1
6fcf3b56555ea19c44152fd7c2070999	Doch nun studiert Hella Meise an der Fachhochschule Bielefeld Wirtschaftsingenieurwesen. Und auch wenn ihr Weg von der ...	2016-12-31 05:52:00	http://www.haller-kreisblatt.de/_em_daten/_cache/image/1xa0wXjkZRvZ5X7ggfOsW9gw2N7Fj7HrkCnboJd3-72Joo26KqAiNgYA/161230-1712-77289386.jpg	0	Haller Kreisblatt	Junge Reiterin mit Talent	http://www.haller-kreisblatt.de/lokal/steinhagen/21529492_Junge-Reiterin-mit-vielseitigen-Talenten.html?em_cnt=21529492&em_cnt=21529492	1
94d85434fbd7183e35f7b7d92f0f53c3	Arbeitspsychologe Tim Hagemann, Professor an der Fachhochschule der Diakonie in Bielefeld, gibt im Gesprch mit der Deutschen ...	2016-12-31 13:43:00	http://ais.badische-zeitung.de/piece/07/dc/40/52/131874898-p-590_450.jpg	0	Badische Zeitung	Der Urlaub sollte mindestens zwei Wochen dauern	http://www.badische-zeitung.de/beruf-karriere-1/der-urlaub-sollte-mindestens-zwei-wochen-dauern--131874902.html	1
88f1da4fb7538662c977bd3eb76dc883	Tim Hagemann, Arbeitspsychologe an der Fachhochschule der Diakonie in Bielefeld. Das verhindert aber hufig, dass man ber ...	2016-12-28 09:14:00	https://css.vxcdn.com/bilder/frau-mit-tablet-429-article.jpg	0	Verivox	Nachricht ber neue Mails: Im Bro besser ausmachen	http://www.verivox.de/nachrichten/nachricht-ueber-neue-mails-im-buero-besser-ausmachen-113819/	1
6630584b82a6a60b53efaa5b816a028f	Bielefeld (WB ... studierte an der FH Ostwestfalen-Lippe Innenarchitektur und arbeitet heute in Kln	2017-01-09 11:42:31.34	http://www.westfalen-blatt.de/var/storage/images/wb/startseite/owl/lokales/bielefeld/bielefeld/2645494-astreine-idee-von-frank-sidortschuk-esstisch-wird-zum-kickertisch/79757609-1-ger-DE/Astreine-Idee-von-Frank-Sidortschuk-Esstisch-wird-zum-Kickertisch_image_630_420f_wn.jpg	0	Westfalen-Blatt	Astreine Idee von Frank Sidortschuk Esstisch wird zum Kickertisch	http://www.westfalen-blatt.de/OWL/Lokales/Bielefeld/Bielefeld/2645494-Astreine-Idee-von-Frank-Sidortschuk-Esstisch-wird-zum-Kickertisch	1
cefffd7058ac48c40eaacf367bc80fe1	Fh aachen masterarbeit Tettnang ... google books quarterly essay pdf, Bielefeld guide to writing a research essay simple essay ...	2016-12-27 03:08:00	\N	0	docplayer.net	Fh Aachen Masterarbeit >>>KLICKEN SIE HIER	http://docplayer.net/26920942-Fh-aachen-masterarbeit-klicken-sie-hier.html	1
a5995112b9dff420916ddaf9aa1ff98f	Stemwede (dc). Ausflle auf der Zugstrecke zwischen Osnabrck und Bremen: Bei Baumfllarbeiten in Stemwedewurden am Samstagmittag eine Oberleitung und ein Triebwagen beschdigt. Verletzt wurde nach Polizeiangaben niemand. Wie die Kreispolizei Minden-Lbbecke erklrte, habe ein 66-Jhriger gegen 12.30 Uhr auf seinem Grundstcke an der Ziegenstrae im Ortsteil Dielingen mit einer Motorsge einen 15 Meter hohen Baum gefllt. Der fiel anschlieend aber nicht auf sein Grundstck...	2017-01-07 19:03:00	http://www.mt.de/_em_daten/_cache/image/1x3ZnbYKwoT56OQc4E1ValX34HWPzRck8IhNuX67AUK0MDsi7quz2ZZnbdD4MzExH8BybvXIuaAv2jAznkYqZmXLsmLae--CDs/170107_1513_148c8800dc5a6f63.jpg	0	Mindener Tageblatt - Regionales	Update: Ausflleauf Zugstrecke Osnabrck-Bremen - Oberleitung bei Baumfllarbeiten beschdigt	http://www.mt.de/lokales/regionales/21537344_Update-Ausfaelleauf-Zugstrecke-Osnabrueck-Bremen-Oberleitung-bei-Baumfaellarbeiten-beschaedigt.html	8
5d9f81f08f8f89315bba5a2ba68f657d	Minden (kk). Das Neujahrsleuchten hat schon im Vorfeld bei vielen Pokmon-GO-Spielern fr Aufregung gesorgt...	2017-01-09 00:07:00	http://www.mt.de/_em_daten/_cache/image/1x3ZnbYKwoT56jaQTEYpZyCeL4QrVqzSeI1UCpkjBfbQlhu8u2UNfhk7HRr3FyONEueTQjftIE58-Ms12cQc5WpgMy58qx3MHS/170108_1716_copy20of20pokemon1.jpg	0	Mindener Tageblatt	Gutes Miteinander von Lichtknstlern und Pokmon-Spielern	http://www.mt.de/lokales/minden/21538134_Gutes-Miteinander-von-Lichtkuenstlern-und-Pokemon-Spielern.html	8
3a79190b93c3b7bf04c648eacc22d9f8	Hannover (dpa). Bei einem Messerangriff sind am Hauptbahnhof in Hannover zwei Mnner verletzt worden. Ein 28-jhriger Mann habe am Sonntagabend schwere Stichverletzungen erlitten, teilte die Polizei mit. Ein 27-jhriger Mann wurde leicht verletzt. Beide Mnner mussten ins Krankenhaus. Hintergrund der Tat sei ein Streit zwischen zwei Familien gewesen, sagte ein Polizeisprecher. Mehrere Menschen htten sich zunchst in einem Caf im Bahnhof gestritten...	2017-01-09 10:38:00	http://www.mt.de/_em_daten/_cache/image/1x3ZnbYKwoT56OQc4E1ValX2_d3v5ZKgr5mPNZbQ7aLjxL8XXox7SK2mO4sEaQa47XfNMKhi8U8zU/170109_1042_2b8rxtw.jpg	0	Mindener Tageblatt - Regionales	Messerangriff am Hauptbahnhof in Hannover: Zwei Verletzte	http://www.mt.de/lokales/regionales/21538760_Messerangriff-am-Hauptbahnhof-in-Hannover-Zwei-Verletzte.html	8
b7ac293e7f231629f4d4129098440116	Vlotho (mt/dc). Eine 27-jhrige Autofahrerinist am Samstagmorgen auf winterglatter Fahrbahn in Vlotho verunglckt. Die Gtersloherin wurde dabei laut Polizeileicht verletzt. Die Frau hattegegen 10.10 Uhr auf der Detmolder Strae im Ortsteil Exter trotz Winterreifen die Kontrolle ber ihren VW verloren und war in einer Rechtskurve nach rechts von der Strae abgekommen. Das Auto fuhr in einen Graben, berschlug sich und kam auf dem Dach zu Liegen...	2017-01-07 20:25:00	http://www.mt.de/_em_daten/_cache/image/1x3ZnbYKwoT55XCYA5NAoCpk8Vh5Tf0QALxLx9CUNOfe63UjuQJK1oDNg0G4vwft36pBppKTYLRxL5gof2BEO3XQ/170107_2027_img_0166.jpg	0	Mindener Tageblatt - Regionales	Auto kommt von glatter Strae ab und berschlgt sich	http://www.mt.de/lokales/regionales/21537452_Auto-kommt-von-glatter-Strasse-ab-und-ueberschlaegt-sich.html	8
ad5fc795ae28a06d7f7da8721b19ced3	Minden (kr). Etwa die Hlfte derer, die Karten im Vorverkauf erworben und fr die Abendkasse reserviert hatten...	2017-01-09 00:08:00	http://www.mt.de/_em_daten/_cache/image/1x3ZnbYKwoT56uX_-1E6UHZTzCqLxtD-SU_X8JXpn9-K5q96gv3FDhym6mcg5SdO2yGqYMyE7P7riYUS6bGvB3ZRXrAGPoeLOAmbF3BeZ6I_wgQG5NYuJF1Y3lEzUdJdAU/170108_1706_copy20of20kim20sanders_920vom2007.01.171.jpg	0	Mindener Tageblatt	Die das Eis zum Schmelzen bringt: Kim Sanders	http://www.mt.de/lokales/minden/21538124_Die-das-Eis-zum-Schmelzen-bringt-Kim-Sanders.html	8
a12a2857bdbfa4777adab9bbfa786c0f	NASA is assigning veteran astronaut Andrew Feustel and first-flight astronaut Jeanette Epps to missions aboard the International Space Station in 2018.	2017-01-04 17:12:00	http://www.nasa.gov/sites/default/files/styles/1x1_cardfeed/public/thumbnails/image/iss_1.jpg?itok=2R76tTHc	0	Nasa Breaking News	NASA Assigns Upcoming Space Station Crew Members	http://www.nasa.gov/press-release/nasa-assigns-upcoming-space-station-crew-members	8
f526d5ef3b4579c71d5691ba3169a545	NASA Television will air two programs live from Ohio celebrating the life of U.S. Marine, NASA astronaut and Ohio senator John Glenn today and Saturday, Dec. 17.	2016-12-16 20:52:00	http://www.nasa.gov/sites/default/files/styles/1x1_cardfeed/public/thumbnails/image/glenn3.jpg?itok=_Z_GXXop	0	Nasa Breaking News	NASA Television to Air Programs Celebrating Space Pioneer John Glenn	http://www.nasa.gov/press-release/nasa-television-to-air-programs-celebrating-space-pioneer-john-glenn	8
69272f60328914072ef167551efeda4c	In Deutschland frchtet man sich immer davor, dass berschuldete Haushalte und sorglose Banken eine Immobilienblase produzieren. Doch eine neue Studie zeigt nun ein ganz anderes Bild des Marktes.	2017-01-08 07:07:05	https://www.welt.de/img/finanzen/immobilien/mobile160961735/7101623597-ci23x11-w780/DWO-FI-grosse-Grafik-Immobilien-sk-3-jpg.jpg	0	N24 Wirtschaft und Brse	Die Deutschen sind zu solide fr eine Immobilienblase	https://www.welt.de/finanzen/immobilien/article160961009/Die-Deutschen-sind-zu-solide-fuer-eine-Immobilienblase.html	8
2d8929eeae77255a1d943cad4d35e5eb	Nirgendwo im Alpenraum kosten Luxus-Ferienimmobilien mehr als in der Schweiz. Ein Kauf kann sich aber trotzdem lohnen, denn die Eidgenossen wollen den Bau neuer Zweitdomizile unterbinden.	2017-01-08 12:56:47	https://www.welt.de/img/finanzen/immobilien/mobile160972378/7181621607-ci23x11-w780/Chalet-Les-Crosets-Wallis-Schweiz.jpg	0	N24 Wirtschaft und Brse	In der Schweiz ist der Hauspreis Geheimsache	https://www.welt.de/finanzen/immobilien/article160972380/In-der-Schweiz-ist-der-Hauspreis-Geheimsache.html	8
9db95b0848c196b20c90f5b08ed60cd4	2016 stieg das Geldvermgen hierzulande erneut um fast fnf Prozent  obwohl deutsche Sparer ihr Geld so schlecht anlegen wie kaum ein anderes Volk. 2017 wird das noch unangenehmere Folgen haben.	2017-01-05 13:47:34	https://www.welt.de/img/finanzen/geldanlage/mobile160892966/1381628987-ci23x11-w780/Couple-looking-up-with-hundred-Euro-notes-between-them-Munich-B.jpg	0	N24 Wirtschaft und Brse	Vermgen der Sparer wchst  und ist gefhrdet wie nie	https://www.welt.de/finanzen/geldanlage/article160891660/Vermoegen-der-Sparer-waechst-und-ist-gefaehrdet-wie-nie.html	8
77ca46aa94c888a6208d4b6c11f20e62	Kork kann viel mehr als nur Wein zu verschlieen. In der Mode, bei Wohnaccessoires und in der Bauwirtschaft wird das Material wiederentdeckt, Ikea hat eine Kork-Serie. Doch die Herstellung ist aufwendig.	2017-01-04 14:32:15	https://www.welt.de/img/finanzen/immobilien/mobile160848981/3121622027-ci23x11-w780/Ikea-Korkmoebel-5.jpg	0	N24 Wirtschaft und Brse	Kork  der vllig unterschtzte Baustoff	https://www.welt.de/finanzen/immobilien/article160848982/Kork-der-voellig-unterschaetzte-Baustoff.html	8
6a15ca49a0909723fd251993125873ab	Kein Investment wurde von der Finanzbranche zuletzt strker gepriesen als Mischfonds. In keine Anlage steckten die Deutschen mehr Geld. Eine Welt-Analyse offenbart die Schwchen der Wunderfonds.	2017-01-03 16:50:15	https://www.welt.de/img/finanzen/mobile160814602/6681627967-ci23x11-w780/Declining-line-graph-in-picture-frames.jpg	0	N24 Wirtschaft und Brse	Deutsche Sparer erleben eine historische Lehrstunde	https://www.welt.de/finanzen/article160814603/Deutsche-Sparer-erleben-eine-historische-Lehrstunde.html	8
fd174e3c7d15bd4aa125898a4790f6bb	Auf Dachbden und in Hobbykellern lsst sich besichtigen, wie viele Deutsche gerne wohnen wrden. Dort existiert noch die heile Welt, die nur von wenigen Ausnahmen gestrt werden darf.	2017-01-02 17:37:48	https://www.welt.de/img/finanzen/immobilien/mobile160788604/9281622357-ci23x11-w780/Thema-Finanzen-Eigenheim-und-Familie.jpg	0	N24 Wirtschaft und Brse	Die wahren Wohntrume der Deutschen	https://www.welt.de/finanzen/immobilien/article160788606/Die-wahren-Wohntraeume-der-Deutschen.html	8
a0a9d768e8adfbf23ae8d7cab8a94b23	Der gute Vorsatz, im neuen Jahr mehr Sport zu treiben, verpufft schnell wieder. Vertrge mit Fitnessstudios lassen sich jedoch nicht einfach widerrufen. Es gibt allerdings einige Schlupflcher.	2017-01-01 18:41:08	https://www.welt.de/img/finanzen/verbraucher/mobile160767248/7331627927-ci23x11-w780/Man-doing-dumbbell-biceps-curls-at-gym.jpg	0	N24 Wirtschaft und Brse	So werden Sie den Vertrag mit dem Fitnessstudio los	https://www.welt.de/finanzen/verbraucher/article160767250/So-werden-Sie-den-Vertrag-mit-dem-Fitnessstudio-los.html	8
6b3448c4bc757f599f521a9b56ce2109	Jede halbe Stunde stirbt ein Elefant durch Menschenhand. Seit diesem Jahr sind smtliche Unterarten von Gorilla und Orang-Utan unmittelbar vom Aussterben bedroht. Auch fr Giraffen sieht es nicht gut aus.	2016-12-29 16:13:23	https://www.welt.de/img/videos/mobile160696310/7461621177-ci23x11-w780/Elefant.jpg	0	N24 Wirtschaft und Brse	20.000 Elefanten werden jedes Jahr illegal abgeschlachtet	https://www.welt.de/vermischtes/video160694290/20-000-Elefanten-werden-jedes-Jahr-illegal-abgeschlachtet.html	8
1e391166cd6dcd39841f403e28a8f063	Die Deutschen liebens grn und luftig. Immowelt hat nach Vorlieben bei der Wohnungssuche gefragt. Die Ergebnisse offenbaren so machen Wandel. Nur in einem Wohnbereich darf sich gar nichts ndern.	2016-12-28 16:51:12	https://www.welt.de/img/finanzen/immobilien/mobile160664469/3701625387-ci23x11-w780/DWO-FI-Wohnungssuche-Vorlieben-jpg.jpg	0	N24 Wirtschaft und Brse	Badewanne verliert bei den Deutschen an Bedeutung	https://www.welt.de/finanzen/immobilien/article160664476/Badewanne-verliert-bei-den-Deutschen-an-Bedeutung.html	8
d39022806cd662bde803d708ff622ffe	Ich bin geboren in Ankara, lebe seit 1972 in Minden und bin deutsche Staatsbrgerin. Als Kind erlebte ich hier eine gute Nachbarschaft...	2017-01-09 06:00:00	http://www.mt.de/_em_daten/_cache/image/1x3ZnbYKwoT55XCYA5NAoCpoGIzUWYdpiaFDnQU50wxoTIw98eUOfS9iFR6y5n9dgkJOJS2JmFb1emnUgvwylcTc9db1xRQmf1r247CJCk7YuCAPAkNrEE5p9j-jZORn9b/170108_1655_copy20of20gc3bclay20av20schalke20bearbeitet.jpg	0	Mindener Tageblatt	Gastkommentar zum ThemaIntegration:Mut zu Kompromissen	http://www.mt.de/lokales/minden/21538114_Gastkommentar-zum-ThemaIntegrationMut-zu-Kompromissen.html	8
916236537a3b3d19ea72d0e5a86d86a5	NASA has selected a science mission that will allow astronomers to explore, for the first time, the hidden details of some of the most extreme and exotic astronomical objects, such as stellar and supermassive black holes, neutron stars and pulsars.	2017-01-03 22:24:00	http://www.nasa.gov/sites/default/files/styles/1x1_cardfeed/public/thumbnails/image/smex2.jpg?itok=jskWin1p	0	Nasa Breaking News	NASA Selects Mission to Study Black Holes, Cosmic X-ray Mysteries	http://www.nasa.gov/press-release/nasa-selects-mission-to-study-black-holes-cosmic-x-ray-mysteries	8
8208b08a7bafe2f31718c2dbddf98544	Expedition 50 astronauts will venture outside the International Space Station at 7 a.m. EST Jan. 6 and 13 to perform a complex upgrade to the orbital outposts power system. Coverage of the spacewalks will begin at 5:30 a.m. on NASA Television and the agencys website.	2016-12-28 16:02:00	http://www.nasa.gov/sites/default/files/styles/1x1_cardfeed/public/thumbnails/image/m16-146.jpg?itok=kkT8GlJa	0	Nasa Breaking News	NASA Preps for Space Station Power Upgrade Spacewalks; Live NASA TV Coverage	http://www.nasa.gov/press-release/nasa-preps-for-space-station-power-upgrade-spacewalks-live-nasa-tv-coverage	8
097c648c3d32522e098d75f3dc919fbf	Aus Angst um Schmuck und Bargeld mieten immer mehr Deutsche Schliefcher an. In einigen Bankfilialen sind bereits keine mehr frei. Und das Problem drfte sich in den nchsten Jahren noch verschrfen.	2017-01-06 16:58:11	https://www.welt.de/img/finanzen/mobile160929503/7991622417-ci23x11-w780/Safe-deposit-box-room-man-opening-box.jpg	0	N24 Wirtschaft und Brse	Der Run aufs Bankschliefach hat gerade erst begonnen	https://www.welt.de/finanzen/article160929504/Der-Run-aufs-Bankschliessfach-hat-gerade-erst-begonnen.html	8
0f4e291a4ab65943007a65cd38028fc4	Der Preisboom hat Wohneigentum in den sieben grten deutschen Stdten fast unbezahlbar gemacht  allerdings nicht in allen Ortsteilen. Unser groer Preisatlas zeigt Ihnen, wo Sie noch fndig werden.	2017-01-05 11:40:58	https://www.welt.de/img/bildergalerien/mobile157561597/4651625477-ci23x11-w780/Berlin-ls.jpg	0	N24 Wirtschaft und Brse	So viel kosten Immobilien in den sieben grten deutschen Stdten	https://www.welt.de/finanzen/immobilien/article160867382/So-viel-kosten-Immobilien-in-den-sieben-groessten-deutschen-Staedten.html	8
74702d0dfe190a1c5832f6b7b9f59cc5	Die Teuerungsrate in Deutschland steigt - unerwartet stark. Ist das die Rckkehr der Inflation? Wenn ja, wre das problematisch fr die Europische Zentralbank.	2017-01-04 08:56:35	https://www.welt.de/img/videos/wetter/mobile160549640/2641628147-ci23x11-w780/Nebel-jpg.jpg	0	N24 Wirtschaft und Brse	Wenn die Preise pltzlich berraschend steigen	https://www.welt.de/wirtschaft/video160846820/Wenn-die-Preise-ploetzlich-ueberraschend-steigen.html	8
2b26a3061f7c1ede69ae3257fe7ac767	Wer zur richtigen Zeit den Urlaub bucht oder Gartenmbel besorgt, kann ordentlich sparen. In jedem Monat gibt es bestimmte Produkte oder Dienstleistungen besonders gnstig. Ein Jahreskalender.	2017-01-03 09:51:40	https://www.welt.de/img/finanzen/verbraucher/mobile160808597/0741621737-ci23x11-w780/kombo-kalender-schnaeppchen.jpg	0	N24 Wirtschaft und Brse	Wer Dinge im richtigen Monat kauft, spart viel Geld	https://www.welt.de/finanzen/verbraucher/article160808611/Wer-Dinge-im-richtigen-Monat-kauft-spart-viel-Geld.html	8
798c209c66d423a6bca3ed0bb928b1f8	Adena Friedman bernimmt die Nasdaq, eine der wichtigsten Brsen der Welt. Ihr erster Auftrag: Die Flash Boys aus dem Hochfrequenzhandel zu zgeln. Das ist ein Drahtseilakt -und Ms. Nasdaq eine Getriebene.	2017-01-02 10:40:09	https://www.welt.de/img/wirtschaft/mobile160771335/6361620367-ci23x11-w780/Adena-Friedman-Visits-FOX-Business-Network.jpg	0	N24 Wirtschaft und Brse	Diese Frau stoppt die schnellen Jungs an der Brse	https://www.welt.de/finanzen/article160771337/Diese-Frau-stoppt-die-schnellen-Jungs-an-der-Boerse.html	8
f7b1a2f526a38d1d39135998e5c0437e	2017 fngt gleich gut an. Denn die Deutschen knnen sich in vielen Bereichen ber mehr Geld und andere Verbesserungen freuen  mit wenigen Ausnahmen. Und es gibt nderungen beim Unterhalt.	2017-01-01 00:00:57	https://www.welt.de/img/finanzen/mobile160735222/2341625957-ci23x11-w780/kombo-kindergeld-gaspreis-mindestlohn-um.jpg	0	N24 Wirtschaft und Brse	Frohes neues Jahr! Das wird 2017 alles besser	https://www.welt.de/finanzen/article160735226/Frohes-neues-Jahr-Das-wird-2017-alles-besser.html	8
f5d9b328c5c6bf21a76ef7b4fe5ba6d5	Die Brse ist zum Jahresende nicht zu bremsen. Seit der Wahl von Donald Trump geht es vor allem in den USA steil nach oben. Dabei fut die Euphorie auf Versprechen, die nicht erfllbar sind.	2017-01-01 09:41:54	https://www.welt.de/img/finanzen/mobile160687750/8301627327-ci23x11-w780/Donald-Trump.jpg	0	N24 Wirtschaft und Brse	Die gefhrliche Naivitt der jubelnden Brsianer	https://www.welt.de/finanzen/article160687751/Die-gefaehrliche-Naivitaet-der-jubelnden-Boersianer.html	8
90185c058d11e245cf8104562925f276	Auch in diesem Jahr werden die Deutschen zum Jahreswechsel wieder Feuerwerk fr geschtzte 130 Mio. Euro in den Himmel schieen. Darauf sollten Sie beim Einkauf achten, damit Sie auch sicher ins neue Jahr gelangen.	2016-12-28 16:24:58	https://www.welt.de/img/videos/mobile160664968/3811625347-ci23x11-w780/Boellersicherheit-jpg.jpg	0	N24 Wirtschaft und Brse	So gefhrlich ist illegales Feuerwerk	https://www.welt.de/finanzen/verbraucher/video160662728/So-gefaehrlich-ist-illegales-Feuerwerk.html	8
5897adc6d709f87aece65521ee889b85	Wir haben uns daran gewhnt, bequem Tickets im Internet zu buchen. Doch jetzt haben Experten eine Lcke entdeckt, ber die Diebe bereits bezahlte Tickets umschreiben knnen.	2016-12-27 12:28:40	https://www.welt.de/img/wirtschaft/mobile160626683/9601622487-ci23x11-w780/Thanksgiving-travel-in-Chicago.jpg	0	N24 Wirtschaft und Brse	Warum Sie Flugtickets nicht unbedingt online buchen sollten	https://www.welt.de/wirtschaft/video160626769/Warum-Sie-Flugtickets-nicht-unbedingt-online-buchen-sollten.html	8
65aa3704f06d2f965206f8c96f07b5bd	Minden (mt). Licht sticht in dieser Jahreszeit auch eisige Klte aus. Gut vermummt haben sich die Besucher zu Hunderten in den Botanischen...	2017-01-09 00:13:00	http://www.mt.de/_em_daten/_cache/image/1x3ZnbYKwoT545lafwsgaJ3Yz7n15136F3CmUb4MEGPZGY_01wlZSayMBxKZXcKq_DTubcXR7haBtY6BHC8SzoI64dppsjky1F/170108_1719_copy20of20img_3746.jpg	0	Mindener Tageblatt	Neujahrsleuchten: Flanieren in Rot, Blau und Grn	http://www.mt.de/lokales/minden/21538136_Neujahrsleuchten-Flanieren-in-Rot-Blau-und-Gruen.html	8
aabef6e60161cc7f3705fa4668c51d89	The following is a statement from NASA Administrator Charles Bolden on Piers Sellers, who passed away Friday in Houston of pancreatic cancer:	2016-12-23 23:42:00	http://www.nasa.gov/sites/default/files/styles/1x1_cardfeed/public/thumbnails/image/9352065351_86296e0205_o.jpg?itok=qQRYtxER	0	Nasa Breaking News	NASA Administrator Remembers NASA Scientist, Astronaut Piers Sellers	http://www.nasa.gov/press-release/nasa-administrator-remembers-nasa-scientist-astronaut-piers-sellers	8
316abf82b2ccf3573fe72cfbf9119cca	NASA confirmed Friday morning that all eight spacecraft of its latest Earth science mission are in good shape. The Cyclone Global Navigation Satellite System (CYGNSS) will provide scientists with advanced technology to see inside tropical storms and hurricanes like never before.	2016-12-15 17:45:00	http://www.nasa.gov/sites/default/files/styles/1x1_cardfeed/public/thumbnails/image/cygnss-inorbit-artconcept_002_0.jpeg?itok=HrGE7Wjw	0	Nasa Breaking News	New NASA Hurricane Tracking Mission on Track	http://www.nasa.gov/press-release/new-nasa-hurricane-tracking-mission-on-track	8
ba384e1097c039740830ecbedaeba12f	Smartphone-Akkus sind meistens genau dann leer, wenn man sie am dringendsten braucht. Besonders empfindlich reagieren sie auf Klte. Der Akku kann aber lnger durchhalten, wenn man ein paar Dinge beachtet.	2017-01-09 12:55:39	https://www.welt.de/img/videos/mobile160998603/6091624537-ci23x11-w780/Smartphone-Akkus-jpg.jpg	0	N24 Wirtschaft und Brse	So lebt ihr Smartphone bei Klte lnger	https://www.welt.de/wirtschaft/webwelt/video160997984/So-lebt-ihr-Smartphone-bei-Kaelte-laenger.html	8
f36649d2b829805e475491776f2758cc	Das Schlafzimmer ist lngst nicht mehr nur zum Schlafen da. Designer statten es mit High-End-Matrazen, Kissenbergen und hellen Farben aus. Der Fachbegriff fr diesen Trend kommt aus Skandinavien.	2017-01-06 10:53:41	https://www.welt.de/img/finanzen/immobilien/mobile160920875/7631625857-ci23x11-w780/Girl-lying-on-bed-watching-TV-siblings-in-background.jpg	0	N24 Wirtschaft und Brse	Das perfekte Schlafzimmer ist jetzt hygge	https://www.welt.de/finanzen/immobilien/article160920876/Das-perfekte-Schlafzimmer-ist-jetzt-hygge.html	8
2753a89206837ec6ebe7c45ea6fc3832	Hhere Energiekosten haben die Verbraucherpreise in Europa steigen lassen. Die Inflation stieg auf den hchsten Stand seit September 2013 - dazu im Gesprch Frank Geilfu, Chefanalyst beim Bankhaus Lbbecke.	2017-01-04 20:43:50	https://www.welt.de/img/videos/mobile160882630/0211626587-ci23x11-w780/Inflation-jpg.jpg	0	N24 Wirtschaft und Brse	Energiekosten treiben Inflation in der Eurozone	https://www.welt.de/videos/video160882023/Energiekosten-treiben-Inflation-in-der-Eurozone.html	8
b0bfb920a4f4182d9955d7a15ae86699	Neurologen haben in erstaunlichen Experimenten gezeigt, dass unser Gehirn nicht fr die Geldanlage gemacht ist. Doch spezialisierte Trainer glauben, die archaischen Instinkte berlisten zu knnen.	2017-01-04 12:28:48	https://www.welt.de/img/finanzen/mobile160814876/0801626457-ci23x11-w780/Waves-traveling-across-wire-frame-of-man-s-brain-Digitally-Gener.jpg	0	N24 Wirtschaft und Brse	Warum unser Gehirn nicht mit Geld umgehen kann	https://www.welt.de/finanzen/article160814042/Warum-unser-Gehirn-nicht-mit-Geld-umgehen-kann.html	8
0f9d98b3f32c7d2fcdac9cdc6182cb5e	Das Brsenjahr 2017 birgt mehr Risiken und Chancen als viele andere. Doch die Experten wagen sich mit ihren Prognosen nicht aus der Deckung. Nach Brexit und US-Wahl sind alle vorsichtig.	2017-01-03 11:21:53	https://www.welt.de/img/finanzen/geldanlage/mobile160776879/5481627117-ci23x11-w780/DWO-FI-DaxPrognose-jb-jpg.jpg	0	N24 Wirtschaft und Brse	Bei Risiken sticht vor allem ein Land hervor	https://www.welt.de/finanzen/geldanlage/article160776881/Bei-Risiken-sticht-vor-allem-ein-Land-hervor.html	8
2313e172dd5bdfb480f8f10644d4ef92	Indonesien, das bevlkerungsreichste muslimische Land, erhlt derzeit neue Geldscheine. Doch Fundamentalisten sind erbost ber die abgebildeten Personen. Vor allem eine Darstellung bringt sie in Rage.	2017-01-02 12:12:14	https://www.welt.de/img/finanzen/mobile160776466/2141628297-ci23x11-w780/Indonesia-Circulate-New-Money.jpg	0	N24 Wirtschaft und Brse	Islamisten wten gegen Indonesiens neue Geldscheine	https://www.welt.de/finanzen/article160776467/Islamisten-wueten-gegen-Indonesiens-neue-Geldscheine.html	8
aacbb30dad10839bf579923233172e0e	Die Regierung in Rom will die drittgrte Bank mit vielen Milliarden vor dem Aus retten. Die EU verbietet solche Hilfen, die zulasten der Steuerzahler gehen. Trotzdem nickt Brssel den Plan ab. Warum?	2016-12-31 16:48:36	https://www.welt.de/img/finanzen/mobile160731804/7641627087-ci23x11-w780/Banca-Monte-dei-Paschi-di-Siena-SpA-Headquarters-As-Bank-To-Start-Share-Sale-In.jpg	0	N24 Wirtschaft und Brse	Italien verursacht Europas nchsten Sndenfall	https://www.welt.de/finanzen/article160731809/Italien-verursacht-Europas-naechsten-Suendenfall.html	8
3f6b4168be77cfb7b27678c64178ba3f	Schne Bescherung: ber die Feiertage mussten Verbraucher 20 Millionen Euro fr die Entsorgung von berschssigem kostrom bezahlen. Und im kommenden Jahr wird die Stromrechnung weiter steigen.	2016-12-30 07:59:13	https://www.welt.de/img/wirtschaft/mobile160691743/8161620717-ci23x11-w780/DWO-WI-Strom-jb-EEG-jpg.jpg	0	N24 Wirtschaft und Brse	Fr absurde kostrom-Vernichtung zahlt der Verbraucher	https://www.welt.de/wirtschaft/article160691292/Fuer-absurde-Oekostrom-Vernichtung-zahlt-der-Verbraucher.html	8
f8dcaa9e4dd9dbe1d9ff5027236e66d8	In Berlin steigen Wohnungspreise und -mieten ungebremst. Mit einem ganzen Bndel an Manahmen will der neue Senat dagegen vorgehen. Eine Entscheidung lsst die Branche dabei besonders verzweifeln.	2016-12-28 11:32:40	https://www.welt.de/img/finanzen/immobilien/mobile160648624/8171622277-ci23x11-w780/High-Park-Gabriele-Tergit-Promenade-Ber-3-2.jpg	0	N24 Wirtschaft und Brse	Berlin will die Wohnungsnot am liebsten verbieten	https://www.welt.de/finanzen/immobilien/article160648626/Berlin-will-die-Wohnungsnot-am-liebsten-verbieten.html	8
6154494f525645359d975fe81801878a	Als Geschenk sind Gutscheine bei den Deutschen beliebter denn je. Das ist auch deshalb bemerkenswert, weil ein Drittel aller Bons am Ende ungenutzt bleibt. Doch es gibt gute Grnde fr den Hype.	2016-12-27 13:34:53	https://www.welt.de/img/finanzen/verbraucher/mobile160630184/2511621747-ci23x11-w780/Gutscheine-sind-beliebtestes-Weihnachtsgeschenk.jpg	0	N24 Wirtschaft und Brse	Die Wahrheit ber den Gutschein-Wahnsinn	https://www.welt.de/finanzen/verbraucher/article160630189/Die-Wahrheit-ueber-den-Gutschein-Wahnsinn.html	8
49fda3327119820503ae9b467991853a	Minden (mt). Die Polizei NRW will fr mehr Sicherheit auf den Straen sorgen, deswegen werden vorgesehene Geschwindigkeitsmessungen vorab...	2017-01-09 00:10:00	http://www.mt.de/_em_daten/_cache/image/1x3ZnbYKwoT55XCYA5NAoCpkwkyY0x6r9wHjLHfZ9wFx6sU2az80QZ606-yqCsa71wGfQkdZqDnvPhOD1zDZ-Y4w/160131_1500_polizeikellevorauto.jpg	0	Mindener Tageblatt	Hier blitzt die Polizei heute im Kreis Minden-Lbbecke	http://www.mt.de/lokales/minden/21536053_Hier-blitzt-die-Polizei-heute-im-Kreis-Minden-Luebbecke.html	8
7e7f8f5ce23dcf15c4352eee848e8eaf	NASA will discuss the results of its latest Discovery mission selection during a media teleconference at 4 p.m. EST on Wednesday, Jan. 4.	2017-01-03 18:50:00	http://www.nasa.gov/sites/default/files/styles/1x1_cardfeed/public/thumbnails/image/discover_missions_banner.jpg?itok=WiehKgYb	0	Nasa Breaking News	NASA to Hold Media Call for Discovery Program Announcement	http://www.nasa.gov/press-release/nasa-to-hold-media-call-for-discovery-program-announcement	8
9b9e351b4b804fdba0eacd8fd0ffbbef	In 2016, NASA drove advances in technology, science, aeronautics and space exploration that enhanced the worlds knowledge, innovation, and stewardship of Earth.	2016-12-15 17:05:00	http://www.nasa.gov/sites/default/files/styles/1x1_cardfeed/public/thumbnails/image/nasa-logo-web-rgb.jpg?itok=L07ZQKnk	0	Nasa Breaking News	NASA Reveals the Unknown in 2016	http://www.nasa.gov/press-release/nasa-reveals-the-unknown-in-2016	8
0b2fef1148811d82e3320880780e107d	Jedes Jahr verunglcken rund 40.000 Deutsche beim Wintersport. Gerade Anfnger berschtzen beim Skifahren ihre Fhigkeiten. Doch der richtige Versicherungsschutz kann die finanziellen Folgen abfedern.	2017-01-08 16:13:28	https://www.welt.de/img/finanzen/mobile160979777/6731625197-ci23x11-w780/Austria-Salzburg-Zauchnsee-Boy-on-the-slope.jpg	0	N24 Wirtschaft und Brse	So gehen Sie richtig versichert auf die Skipiste	https://www.welt.de/finanzen/article160979778/So-gehen-Sie-richtig-versichert-auf-die-Skipiste.html	8
b84cdb5f03832e11a2dd2f15fbf3f037	ber 5000 Milliarden Euro haben deutsche Sparer auf der hohen Kante. Doch kaum jemand erzielt im internationalen Vergleich noch weniger Rendite. Finanzredakteur Frank Stocker zeigt einen Weg aus der Niedrigzinsfalle.	2017-01-06 18:27:44	https://www.welt.de/img/videos/mobile160952457/2581624897-ci23x11-w780/Frank-Stocker-jpg.jpg	0	N24 Wirtschaft und Brse	Mehr in Aktien tte allen Deutschen gut	https://www.welt.de/finanzen/video160952015/Mehr-in-Aktien-taete-allen-Deutschen-gut.html	8
726278350ef90c2569ddab99036c2547	Die Lage in einem Supermarkt in Veracruz ist vllig auer Kontrolle. Menschen raffen zusammen, was immer sie greifen knnen, drngeln, schubsen. Die Wut der Mexikaner ber steigende Preise, vor allem beim Benzin, wird grer.	2017-01-06 07:49:13	https://www.welt.de/img/videos/mobile160918710/5771626677-ci23x11-w780/Mexiko.jpg	0	N24 Wirtschaft und Brse	Spontane Supermarkt-Plnderungen in ganz Mexiko	https://www.welt.de/vermischtes/video160918648/Spontane-Supermarkt-Pluenderungen-in-ganz-Mexiko.html	8
419aea533c3bcd1d7dff06f5bdb44ec0	Der Vermgensverwalter Georg Thilenius rt zu Aktien, ob in ETFs oder als Direktkauf kommt auf die Anlegererfahrung an. Angesichts der Inflation lohnen sich Anleihe- und Festgelddepots nicht.	2017-01-05 13:21:37	https://www.welt.de/img/wirtschaft/mobile160892453/9191621697-ci23x11-w780/thilenius-boerse-jpg.jpg	0	N24 Wirtschaft und Brse	Mglichst schnell Anleihe- und Festgelddepots leer rumen	https://www.welt.de/wirtschaft/video160891861/Moeglichst-schnell-Anleihe-und-Festgelddepots-leer-raeumen.html	8
ad5168bf4cccf0a630862e848783c73c	Vllig unerwartet steigt die Teuerungsrate in Deutschland auf fast zwei Prozent. Kehrt die Inflation tatschlich zurck, steht die Europische Zentralbank vor einem schweren Problem.	2017-01-03 21:39:46	https://www.welt.de/img/finanzen/mobile160836213/1381622397-ci23x11-w780/One-euro-coin-becomes-soft-and-liquid.jpg	0	N24 Wirtschaft und Brse	Pltzlich Inflation  ein Albtraum fr die EZB	https://www.welt.de/finanzen/article160836215/Ploetzlich-Inflation-ein-Albtraum-fuer-die-EZB.html	8
d4a7ce3d706859bde1208ddac67ceeb7	Weltweit verlieren immer mehr Menschen das Vertrauen in ihr Geld. Sie flchten ins Internetgeld. Erstmals seit Jahren kostet der Bitcoin mehr als 1000 Dollar. Ungefhrlich ist ein Investment nicht.	2017-01-02 19:11:44	https://www.welt.de/img/finanzen/geldanlage/mobile160810029/7831621027-ci23x11-w780/DWO-FI-Bitcoin-Rekord-jpg.jpg	0	N24 Wirtschaft und Brse	Der Bitcoin wird zur globalen Schattenwhrung	https://www.welt.de/finanzen/geldanlage/article160810033/Der-Bitcoin-wird-zur-globalen-Schattenwaehrung.html	8
d99afeecbf1b33b8ad09c1cb26604c11	Erneut haben viele Anbieter die Beitrge deutlich angehoben. Dass es nicht noch schlimmer kam, liegt nur daran, dass 2017 ein Wahljahr ist. Doch Versicherte knnen etwas gegen steigende Kosten tun.	2017-01-01 14:09:15	https://www.welt.de/img/finanzen/mobile160758405/8481623047-ci23x11-w780/Eine-Muenze-mit-Eurozeichen-auf-Versichertenkarten.jpg	0	N24 Wirtschaft und Brse	Jede vierte Krankenkasse wird jetzt teurer	https://www.welt.de/finanzen/article160758406/Jede-vierte-Krankenkasse-wird-jetzt-teurer.html	8
41568380557d5cbcd153edd1386fa023	Terroranschlge, Syrien-Krieg, die EU in einer tiefen Krise: 2016 war wirklich kein gutes Jahr. Ein paar positive Entwicklungen gab es allen Katastrophen zum Trotz aber auch  gerade in Deutschland.	2016-12-31 14:08:47	https://www.welt.de/img/finanzen/mobile160736728/7111625297-ci23x11-w780/Hamburger-Hafen-im-Sonnenuntergang.jpg	0	N24 Wirtschaft und Brse	Die Lichtblicke in einem furchtbaren Jahr	https://www.welt.de/finanzen/article160736731/Die-Lichtblicke-in-einem-furchtbaren-Jahr.html	8
2c4e23122fcbad4480914094ed4d3d31	Seit Jahren rgern sich Kunden darber, dass Gasversorger die sinkenden Preise nicht vollstndig an sie weitergeben. Doch es gibt Hoffnung  zumindest fr Kunden, die in der richtigen Gegend wohnen.	2016-12-28 18:18:25	https://www.welt.de/img/finanzen/verbraucher/mobile160670676/8501622347-ci23x11-w780/DWO-FI-Gaspreise-as-Verbraucher-jpg.jpg	0	N24 Wirtschaft und Brse	Gasanbieter sind ein bisschen fairer geworden	https://www.welt.de/finanzen/verbraucher/article160670679/Gasanbieter-sind-ein-bisschen-fairer-geworden.html	8
cc669e9119b368e579d793b5a4e21881	Er gilt weltweit als einer der einflussreichsten Politikberater, wenn es um Gold, Geld und Finanzmrkte geht. Der Amerikaner James Rickards frchtet den teuren Dollar und warnt vor einem Cyberkrieg.	2016-12-28 05:08:24	https://www.welt.de/img/wirtschaft/mobile140312485/9971621837-ci23x11-w780/US-Notenbank-Dollar.jpg	0	N24 Wirtschaft und Brse	Der starke Dollar ist eine tickende Zeitbombe	https://www.welt.de/finanzen/geldanlage/article160643264/Der-starke-Dollar-ist-eine-tickende-Zeitbombe.html	8
24197448f9055e968d37a2a802c0852d	Viele setzen darauf, dass alle Weihnachtsgeschenke selbstverstndlich umtauschbar sind. Stimmt aber nicht. Acht Tipps, wie man mit unpassenden Prsenten umgeht  und wie sicher nicht.	2016-12-27 08:09:46	https://www.welt.de/img/finanzen/verbraucher/mobile160615078/5901625987-ci23x11-w780/Portrait-of-man-with-unwrapped-bad-gift.jpg	0	N24 Wirtschaft und Brse	Geschenke umtauschen? Das mssen Sie beachten	https://www.welt.de/finanzen/verbraucher/article160615080/Geschenke-umtauschen-Das-muessen-Sie-beachten.html	8
8171aca1c3f6ad81b8e1f7cfdbbe72a4	NASA has selected two missions that have the potential to open new windows on one of the earliest eras in the history of our solar system  a time less than 10 million years after the birth of our sun. The missions, known as Lucy and Psyche, were chosen from five finalists and will proceed to mission formulation.	2017-01-04 18:52:00	http://www.nasa.gov/sites/default/files/styles/1x1_cardfeed/public/thumbnails/image/discovery-missions-v3.jpg?itok=RFqLOfji	0	Nasa Breaking News	NASA Selects Two Missions to Explore the Early Solar System	http://www.nasa.gov/press-release/nasa-selects-two-missions-to-explore-the-early-solar-system	8
0399c0d8b0f85c81bf314576fff32fac	Schnee schippen, Wasser abdrehen, Dachlawinen, Sturmschden: Wirds kalt, mssen sich Millionen Brger kmmern. Tun sie das nicht, springt die Versicherung im Ernstfall nicht ein. Eine Expertin gibt acht Tipps.	2017-01-09 13:02:59	https://www.welt.de/img/finanzen/versicherungen/mobile160997946/4211621097-ci23x11-w780/Huge-Snow-Storm-Slams-Into-Mid-Atlantic-States.jpg	0	N24 Wirtschaft und Brse	Darum mssen Sie bei Glatteis ab 7 Uhr streuen	https://www.welt.de/finanzen/versicherungen/article160997948/Darum-muessen-Sie-bei-Glatteis-ab-7-Uhr-streuen.html	8
88d2b6f4e483731c886c129d4f6b89d3	Sollte die Inflation nicht zurckgehen, fordern konomen eine Normalisierung der Geldpolitik in Europa. Vor allem die Anleihekufe sollen sinken. Ausreden wollen die Experten nicht gelten lassen.	2017-01-08 07:06:37	https://www.welt.de/img/finanzen/mobile160962659/1471627397-ci23x11-w780/Mario-Draghi-Holds-Press-Conference-At-European-Central-Bank.jpg	0	N24 Wirtschaft und Brse	konomen fordern Ende der lockeren EZB-Geldpolitik	https://www.welt.de/finanzen/article160962660/Oekonomen-fordern-Ende-der-lockeren-EZB-Geldpolitik.html	8
5ab7f05b16947873bc455d5a6d3e1148	Die meisten Analysten erwarten fr 2017 steigende Kurse. Sie gehen davon aus, dass die DAX-Unternehmen bis zu fnf Prozent mehr als 2016 an Dividenden ausschtten werden - dazu Dividenden-Experte Christian Rhl.	2017-01-05 19:19:04	https://www.welt.de/img/videos/mobile160917435/5501629527-ci23x11-w780/Christian-Roehl-jpg.jpg	0	N24 Wirtschaft und Brse	Das sind die Top-Dividendenaktien fr 2017	https://www.welt.de/finanzen/video160916816/Das-sind-die-Top-Dividendenaktien-fuer-2017.html	8
0ba2d21b896b646230ef77578c0ea11a	Fehlende Winterreifen, Losfahren mit eingeschneitem Auto, Frontscheibe nicht ausreichend enteist oder Warmlaufen lassen des Autos im Stand - das kann teuer werden. Noch teurer: Schneeschippen vergessen.	2017-01-05 10:24:58	https://www.welt.de/img/videos/mobile160885740/0461627907-ci23x11-w780/Winter.jpg	0	N24 Wirtschaft und Brse	Was fr Autofahrer jetzt richtig teuer werden kann	https://www.welt.de/vermischtes/video160884955/Was-fuer-Autofahrer-jetzt-richtig-teuer-werden-kann.html	8
7672ea061d13e276fd9a97dab551e74c	Mit einem Happy End und sieben Prozent im Plus hat der DAX das Brsenjahr 2016 beendet, stark startet er auch ins neue Jahr. Wie Anleger sich 2017 aufstellen sollten, beantwortet Brsenstratege Ascan Iredi.	2017-01-03 14:06:50	https://www.welt.de/img/videos/mobile160824170/6961620727-ci23x11-w780/ONL-BAM-Dax-Iredi.jpg	0	N24 Wirtschaft und Brse	Das ist dieses Jahr vom DAX zu erwarten	https://www.welt.de/wirtschaft/video160823930/Das-ist-dieses-Jahr-vom-DAX-zu-erwarten.html	8
a52984f3a9c3fad7be89325db5f25876	Die Banken in Deutschland sagen fr 2017 nur minimale Gewinne vorher. So wird beim Dax nur eine Zunahme um etwa zwei Prozent erwartet. Wirtschaftsredakteur Holger Zschpitz erklrt die Zaghaftigkeit so.	2017-01-02 19:22:53	https://www.welt.de/img/wirtschaft/mobile160810198/8791629027-ci23x11-w780/40n11519-jpg.jpg	0	N24 Wirtschaft und Brse	Die Prognosen der Banken fr 2017 sind zaghaft	https://www.welt.de/wirtschaft/video160809967/Die-Prognosen-der-Banken-fuer-2017-sind-zaghaft.html	8
dfab96fcd4731d00c5cab4a6ec2fe4ee	Die Strategen der Banken sagen fr Aktien und Anleihen in diesem Jahr nur minimale Gewinne voraus. Ein Kauf lohnt sich daher kaum. Nur eine Anlageform knnte eine lukrative Ausnahme bilden.	2017-01-02 16:56:03	https://www.welt.de/img/finanzen/mobile160770961/6621622637-ci23x11-w780/Boerse-Stuttgart.jpg	0	N24 Wirtschaft und Brse	Nur so knnen Anleger noch Gewinne machen	https://www.welt.de/finanzen/article160770964/Nur-so-koennen-Anleger-noch-Gewinne-machen.html	8
deaa95b682d5433315504d0de19663d2	Die steigende Inflation wird dem deutschen Sparer ein schwieriges Jahr bescheren, schtzt Ifo-Chef Clemens Fuest. Das Vermgen werde stark entwertet. Scharfe Kritik bt er an der Bankenaufsicht durch die EZB.	2016-12-31 04:09:35	https://www.welt.de/img/finanzen/mobile160747922/8811621927-ci23x11-w780/Clemens-Fuest-2.jpg	0	N24 Wirtschaft und Brse	Ifo-Chef prognostiziert schwieriges Jahr fr deutsche Sparer	https://www.welt.de/finanzen/article160741700/Ifo-Chef-prognostiziert-schwieriges-Jahr-fuer-deutsche-Sparer.html	8
569c3a6cfa0ae9a2b86bbdb2bcfe972c	Der Nachfolger des Jagdbombers Tornado soll nicht mehr alleine abheben. Fr den knftigen Kampfjet ist Begleitschutz vorgesehen. Militrexperten sprechen vom integrierten Waffensystem.	2017-01-02 17:03:00	https://www.welt.de/img/wirtschaft/mobile160799975/1951629267-ci23x11-w780/vlcsnap-8572-11-05-06h28m02s839-png.jpg	0	N24 Wirtschaft und Brse	Deutscher Jagdbomber bekommt Drohnen-Schwarm zur Seite	https://www.welt.de/wirtschaft/video160798660/Deutscher-Jagdbomber-bekommt-Drohnen-Schwarm-zur-Seite.html	8
9ce9938322eb60482aa9b472c5a38c0e	Ein Hacker-Angriff knnte Banken und Brsen im Westen lahmlegen. Der wahren Gefahr sei sich kaum ein Sparer bewusst, sagt ein Finanz-Insider. Und gibt einen Tipp, wie das Schlimmste zu vermeiden ist.	2016-12-28 05:00:00	https://www.welt.de/img/finanzen/geldanlage/mobile160643620/9461621447-ci23x11-w780/Hacking-the-computer.jpg	0	N24 Wirtschaft und Brse	Wie der Cyberwar unser Geld bedroht	https://www.welt.de/finanzen/geldanlage/article160643622/Wie-der-Cyberwar-unser-Geld-bedroht.html	8
07334a246eca545e7fb1eedce939ce81	Nach dem Weihnachtsfest sind die Innenstdte und Einkaufszentren wieder gut gefllt. Ungeliebte Geschenke werden umgetauscht, Gutscheine eingelst, fr andere hat schon die nchste Rabattschlacht begonnen.	2016-12-27 18:29:52	https://www.welt.de/img/finanzen/verbraucher/mobile160643432/7841621647-ci23x11-w780/Die-nachweihnachtliche-Schnaeppchensaison-ist-eroeffnet-jpg.jpg	0	N24 Wirtschaft und Brse	Die nachweihnachtliche Schnppchensaison ist erffnet	https://www.welt.de/finanzen/verbraucher/video160643175/Die-nachweihnachtliche-Schnaeppchensaison-ist-eroeffnet.html	8
62d947f7d7b0c452a483835728e144ea	Lohneinknfte und Rentenbezge werden bis auf den letzten Euro elektronisch an das Finanzamt gemeldet - whrend Hochverdiener mit Einknften ber 500.000 Euro vergleichsweise selten geprft werden.	2016-12-27 11:44:47	https://www.welt.de/img/wirtschaft/mobile157874252/9771625307-ci23x11-w780/Finanzamt-Miesbach.jpg	0	N24 Wirtschaft und Brse	Sogar Finanzbeamte zweifeln an Steuergerechtigkeit	https://www.welt.de/finanzen/video160623566/Sogar-Finanzbeamte-zweifeln-an-Steuergerechtigkeit.html	8
8a5aa55c91a073428399716e6905db6a	Noch nie sprengten Banden so viele Geldautomaten wie 2016. 286 Vorflle wurden gemeldet, lediglich 149 waren es im Vorjahr. Inzwischen sind auch Gegenden betroffen, die bislang als ungefhrdet galten.	2016-12-23 12:23:03	https://www.welt.de/img/finanzen/mobile160546802/6031628327-ci23x11-w780/Bankueberfall-in-Magdeburg-3.jpg	0	N24 Wirtschaft und Brse	Zahl der gesprengten Geldautomaten fast verdoppelt	https://www.welt.de/finanzen/article160546803/Zahl-der-gesprengten-Geldautomaten-fast-verdoppelt.html	8
d336805c1891ac7b66ef74031b88b24a	Ein Diamant gilt naturgem ein besonderes Geschenk. Doch als lukrative Geldanlage ist er bislang nur den wenigsten bekannt. Dabei kann sich ein Investment lohnen  wenn vier Merkmale stimmen.	2016-12-22 08:50:36	https://www.welt.de/img/finanzen/geldanlage/mobile160504443/8161628347-ci23x11-w780/Alan-Davies-chief-executive-of-Rio-Tintos-diamonds-and-minerals-division-poses.jpg	0	N24 Wirtschaft und Brse	Wie Sie Ihr Geld klug in Diamanten investieren	https://www.welt.de/finanzen/geldanlage/article160504446/Wie-Sie-Ihr-Geld-klug-in-Diamanten-investieren.html	8
8f58e0455f9119fe0988e9e357589af0	Die Zahl der krankheitsbedingten Ausfallstage in Deutschland erreichte 2015 mit 587 Millionen eine neue Rekordmarke. Das senkt unseren Wohlstand betrchtlich  und wre teilweise auch vermeidbar.	2016-12-19 18:13:50	https://www.welt.de/img/wirtschaft/mobile160450862/9251625437-ci23x11-w780/Woman-looking-ill-on-sofa.jpg	0	N24 Wirtschaft und Brse	Wie Krankheiten unseren Wohlstand belasten	https://www.welt.de/wirtschaft/article160450863/Wie-Krankheiten-unseren-Wohlstand-belasten.html	8
8a8bce6d3a9ccd1ff836435d0c04a482	Der deutsche Kunstmarkt boomt  aber wie lange noch? Der Chef des grten deutschen Auktionshauses warnt vor den Folgen des erstarkenden Protektionismus. Auch steigende Zinsen knnten sich auswirken.	2016-12-18 16:17:37	https://www.welt.de/img/finanzen/mobile160405385/2281623557-ci23x11-w780/28544649-jpg.jpg	0	N24 Wirtschaft und Brse	Kunst braucht offene Mrkte	https://www.welt.de/finanzen/article160404034/Kunst-braucht-offene-Maerkte.html	8
9aa2a8b28f4204bc48b27a4199fc1c3b	Immobilienkreditzinsen haben zuletzt sprbar angezogen. Wer sich heute 200.000 Euro leiht, zahlt dafr 5000 Euro mehr als vor der US-Prsidentenwahl. Experten erwarten fr 2017 noch hhere Zinsstze.	2016-12-18 07:14:05	https://www.welt.de/img/finanzen/immobilien/mobile160391319/2411622087-ci23x11-w780/Hausbau-in-Rheinland-Pfalz.jpg	0	N24 Wirtschaft und Brse	So stark treibt Trump die Baukosten in Deutschland	https://www.welt.de/finanzen/immobilien/article160391320/So-stark-treibt-Trump-die-Baukosten-in-Deutschland.html	8
645bbacedd03a279c8bdc4bc13b3e911	Brexit: Drei Tage Panik. Trump: Drei Stunden. Italien-Referendum: Drei Minuten. Die Aktienmrkte haben sich von der Politik entkoppelt. Doch bei einigen Werten sollten Anleger jetzt zugreifen.	2016-12-16 14:54:40	https://www.welt.de/img/finanzen/mobile160343418/3981626297-ci23x11-w780/Boerse-Frankfurt.jpg	0	N24 Wirtschaft und Brse	Warum Sie jetzt in Aktien investieren sollten	https://www.welt.de/finanzen/article160343424/Warum-Sie-jetzt-in-Aktien-investieren-sollten.html	8
1d862d9ae54c432f50c139255ec0398c	Starkonom Eichengreen wundert die Unbeschwertheit der Mrkte angesichts eines Prsidenten Trump. Er erwartet ein Ende der Rallye  und gibt Tipps, was der Einzelne in einer unsicheren Welt tun kann.	2016-12-14 16:02:23	https://www.welt.de/img/finanzen/mobile160271944/4401620367-ci23x11-w780/Disney-CEO-Bob-Iger-Rings-Closing-Bell-At-New-York-Stock-Exchange.jpg	0	N24 Wirtschaft und Brse	Mehrere Reisepsse wren schon mal nicht schlecht	https://www.welt.de/finanzen/article160271947/Mehrere-Reisepaesse-waeren-schon-mal-nicht-schlecht.html	8
5b8d750d6dcf7f3af10a4ac1b0960f25	Soll ich jetzt Aktien kaufen? Wird das Sparbuch wieder lukrativ? Kein Sparer, Anleger und Sammler kann sich Trumps Zinstreiben entziehen. Wir geben Ihnen Tipps, wie Sie sich fr alle Belange wappnen.	2016-12-14 09:30:39	https://www.welt.de/img/finanzen/geldanlage/mobile160265543/9951620097-ci23x11-w780/DWO-FI-Zeitenwende-jb-Zinswende-1994-jpg.jpg	0	N24 Wirtschaft und Brse	Das sind die neuen Chancen fr Ihr Geld	https://www.welt.de/finanzen/geldanlage/article160254215/Das-sind-die-neuen-Chancen-fuer-Ihr-Geld.html	8
f3e89efb839f102f358f690f0551f464	"Vegetarisches Schnitzel" oder "vegane Currywurst" will Ernhrungsminister Christian Schmidt in deutschen Supermrkten nicht mehr lesen. Eine gesetzliche Regelung plant Schmidt allerdings nicht.	2016-12-28 17:01:56	https://www.welt.de/img/politik/deutschland/mobile160667150/8251624257-ci23x11-w780/Vegetarisches-Fleisch-jpg.jpg	0	N24 Wirtschaft und Brse	Ernhrungsminister Schmidt ist gegen "vegane Wurst"	https://www.welt.de/politik/deutschland/video160662960/Ernaehrungsminister-Schmidt-ist-gegen-vegane-Wurst.html	8
fb31e6800c67acad7c0190434e35674e	Ohne finanzielle Untersttzung der Eltern knnen sich viele junge Leute keine eigene Immobilie leisten. Inzwischen werden viele Wohnungen sogar verschenkt. Doch dabei gibt es so einiges zu beachten.	2016-12-24 07:33:15	https://www.welt.de/img/finanzen/immobilien/mobile160574313/1151626037-ci23x11-w780/81616896-jpg.jpg	0	N24 Wirtschaft und Brse	Wenn Eltern den Kindern die erste eigene Wohnung schenken	https://www.welt.de/finanzen/immobilien/article160569767/Wenn-Eltern-den-Kindern-die-erste-eigene-Wohnung-schenken.html	8
bdfb27b02f672cfd3c01b3c36e4f7002	In den Metropolen wird gebaut wie seit Jahren nicht. Doch trotz neuer Wohnungen steigen die Preise weiter. Auch Anleger werden kaum noch fndig. Es sei denn, sie achten auf eine bestimmte Statistik.	2016-12-24 07:31:16	https://www.welt.de/img/finanzen/immobilien/mobile160572005/6181620477-ci23x11-w780/DWO-FI-Mieter-2-jpg.jpg	0	N24 Wirtschaft und Brse	Warum die Wohnungsnot trotz Bauboom grer wird	https://www.welt.de/finanzen/immobilien/article160572008/Warum-die-Wohnungsnot-trotz-Bauboom-groesser-wird.html	8
8141794ddd271415643a75136c4df7ed	3381 Tonnen Gold weist die Bundesbank in ihrer Bilanz aus. Der grte Teil des Schatzes soll knftig in Deutschland lagern. Die Rckholaktion aus New York und Paris dient einem wichtigen Ziel.	2016-12-21 19:24:00	https://www.welt.de/img/finanzen/mobile160501991/0581624057-ci23x11-w780/86706832-jpg.jpg	0	N24 Wirtschaft und Brse	So schnell holt die Bundesbank das deutsche Gold zurck	https://www.welt.de/finanzen/article160496560/So-schnell-holt-die-Bundesbank-das-deutsche-Gold-zurueck.html	8
83bfbd0bf6c781444d6dbab117e33e5f	Das Brsen-Jahr 2016 geht seinem Ende entgegen. Es ist Zeit, Bilanz zu ziehen. Welt-Wirtschaftsredakteur Holger Zschpitz fasst die wichtigsten und turbulentesten Ereignisse an den Mrkten zusammen.	2016-12-19 19:51:28	https://www.welt.de/img/videos/mobile160453232/9001620677-ci23x11-w780/ONL-BAA-Zschaepitz-Boersenbilanz-2016.jpg	0	N24 Wirtschaft und Brse	Achterbahnfahrt an den Mrkten	https://www.welt.de/wirtschaft/video160452973/Achterbahnfahrt-an-den-Maerkten.html	8
dd94f0c40b0943bee4deb0772a69173f	Das Rezept zur Ankurbelung der Wirtschaft, ein niedriger Zins, verliert immer mehr seine Wirkung. Das billige Geld ist kein Stimulus mehr. Immer dringlicher stellt sich die Frage, wie das enden soll.	2016-12-18 15:25:48	https://www.welt.de/img/finanzen/mobile160392671/0261629287-ci23x11-w780/New-York-Stock-Exchange.jpg	0	N24 Wirtschaft und Brse	Das Geldsystem weist Symptome einer Drogensucht auf	https://www.welt.de/finanzen/article160390286/Das-Geldsystem-weist-Symptome-einer-Drogensucht-auf.html	8
460ed5c68861387833285470d856acbc	Schon seit 2002 ist die D-Mark kein Zahlungsmittel mehr. Dennoch sind immer noch Scheine und Mnzen im Wert von fast 13 Milliarden DM im Umlauf. Viel Geld ist wohl unwiederbringlich verloren.	2016-12-18 07:04:55	https://www.welt.de/img/finanzen/mobile160458881/5941622407-ci23x11-w780/GettyImages-BC5853-005-jpg.jpg	0	N24 Wirtschaft und Brse	Die Bundesbank vermisst fast 13 Milliarden Mark	https://www.welt.de/finanzen/article160388685/Die-Bundesbank-vermisst-fast-13-Milliarden-Mark.html	8
99682896c255e8ba6960d5c92c58a4d7	Aktionrsschtzer stellen in einem Schwarzbuch alljhrlich die Unternehmen an den Pranger, die Anleger besonders listenreich um ihr Geld gebracht haben. Auch eine Grobank ist dieses Mal darunter.	2016-12-16 16:58:34	https://www.welt.de/img/finanzen/mobile160373460/8391629847-ci23x11-w780/ITALY-BANKING-SECURITIES.jpg	0	N24 Wirtschaft und Brse	Das sind die schlimmsten Geldvernichter an der Brse	https://www.welt.de/finanzen/article160373461/Das-sind-die-schlimmsten-Geldvernichter-an-der-Boerse.html	8
5f0138c9badbdc36bcf15906fbcd80ec	Janet Yellen hat fr das kommende Jahr drei Zinserhhungen angekndigt. Trumps Wirtschaftspolitik sei da noch nicht eingerechnet, meint Volkswirtin Christiane von Berg. Der Dollar gewinnt, der Euro verliert dadurch.	2016-12-15 13:08:00	https://www.welt.de/img/wirtschaft/mobile160318592/5471626527-ci23x11-w780/berg-yellen-jpg.jpg	0	N24 Wirtschaft und Brse	Trump-Effekt noch nicht im Zins mit drin	https://www.welt.de/wirtschaft/video160318433/Trump-Effekt-noch-nicht-im-Zins-mit-drin.html	8
4ee6b53b38f5dcec18db2186401dbcfa	berall lsst sich bald Strom frs E-Auto abzapfen, auch an Autobahnen. Nur daheim, in der eigenen Garage, gibt es noch Riesenhrden fr den Stromanschluss. Das mssen Eigentmer und Mieter beachten.	2016-12-13 13:26:41	https://www.welt.de/img/finanzen/verbraucher/mobile160201154/5201623147-ci23x11-w780/Green-car-sustainable-energy-Charging.jpg	0	N24 Wirtschaft und Brse	Am wichtigsten Ort gibt es fr E-Autos keinen Strom	https://www.welt.de/finanzen/verbraucher/article160201155/Am-wichtigsten-Ort-gibt-es-fuer-E-Autos-keinen-Strom.html	8
286c5e5f37fabb77e25b0a149a6bfb7f	Fast nirgendwo in Europa ist der Verkauf von Pyrotechnik strikter geregelt als in Deutschland. Dennoch lassen sich die Bundesbrger den Spa 133 Millionen Euro kosten. Dabei gilt es jedoch, einiges zu beachten.	2016-12-29 08:31:30	https://www.welt.de/img/wirtschaft/mobile160670514/2891627427-ci23x11-w780/Brandenburg-Gate-and-fireworks.jpg	0	N24 Wirtschaft und Brse	Die Stunde der hchsten Feinstaubbelastung	https://www.welt.de/wirtschaft/article160670515/Die-Stunde-der-hoechsten-Feinstaubbelastung.html	8
3e49f4344ad3d39b8c691b48b9c0417a	Die 68er-Generation wird alt und entdeckt ihren Familiensinn. Das Zusammenleben von Groeltern, Eltern und Kindern hat Vorteile fr alle. Dabei muss es noch nicht mal die eigene Familie sein.	2016-12-23 15:43:20	https://www.welt.de/img/finanzen/immobilien/mobile160561831/6011628197-ci23x11-w780/Germany-Hesse-Frankfurt-Three-generations-family-in-front-of-villa.jpg	0	N24 Wirtschaft und Brse	Wenn die ganze Familie wieder unter einem Dach lebt	https://www.welt.de/finanzen/immobilien/article160561834/Wenn-die-ganze-Familie-wieder-unter-einem-Dach-lebt.html	8
ad5d0664bb30f652c719b5b1e4fed324	Es ist kein Zufall, dass sich im Sden viele Eigentmer von reprsentativen historischen Bauwerken trennen wollen. Denn in allen drei Lndern blst der politische Wind den Reichen heftig ins Gesicht.	2016-12-24 07:42:39	https://www.welt.de/img/finanzen/immobilien/mobile160513788/6831622937-ci23x11-w780/NUR-verwendbar-fuer-WS-Finanzen-ueber-Schl-5.jpg	0	N24 Wirtschaft und Brse	Schlossherren in Sdeuropa packt die Verkaufspanik	https://www.welt.de/finanzen/immobilien/article160513021/Schlossherren-in-Suedeuropa-packt-die-Verkaufspanik.html	8
4895fcc2d42f73505356826c35f1f621	Je unsicherer die Whrung eines Landes, umso strker die Nachfrage nach Bitcoins. Das hat der Onlinewhrung zuletzt einen gewaltigen Kursanstieg beschert. Riskant bleibt sie aus mehreren Grnden.	2016-12-22 09:21:44	https://www.welt.de/img/finanzen/geldanlage/mobile160509416/7151628797-ci23x11-w780/DWO-FI-Bitcoin-jpg.jpg	0	N24 Wirtschaft und Brse	Globale Devisen-Eskapaden lassen den Bitcoin glnzen	https://www.welt.de/finanzen/geldanlage/article160509419/Globale-Devisen-Eskapaden-lassen-den-Bitcoin-glaenzen.html	8
974ca607685171fc4650938ef02cd642	IWF-Chefin Christine Lagarde ist vor einem Pariser Gericht wegen Vorwrfen der Fahrlssigkeit in ihrer Zeit als Finanzministerin des Landes fr schuldig befunden worden. Sie bekam aber keine Strafe.	2016-12-19 15:57:25	https://www.welt.de/img/newsticker/dpa_nt/infoline_nt/wirtschaft_nt/mobile160437937/3701621557-ci23x11-w780/urn-newsml-dpa-com-20090101-161219-99-594493-large-4-3-jpg.jpg	0	N24 Wirtschaft und Brse	Gericht spricht IWF-Chefin Lagarde schuldig	https://www.welt.de/wirtschaft/video160440337/Gericht-spricht-IWF-Chefin-Lagarde-schuldig.html	8
b918aa327d84ba9b0e23b3c72333d955	Die gesamte Immobilienbranche profitiert von den geringen Zinsen. Dennoch macht sich Fertighausriese Weber Sorgen  und zwar um die Bauherren von morgen. Die knnten nicht mehr genug Kapital ansparen.	2016-12-18 07:15:40	https://www.welt.de/img/finanzen/immobilien/mobile160391518/6191629257-ci23x11-w780/Aufbau-eines-Fertighauses.jpg	0	N24 Wirtschaft und Brse	Fertighausbauer Weber warnt vor Folgen des Mini-Zins	https://www.welt.de/finanzen/immobilien/article160391520/Fertighausbauer-Weber-warnt-vor-Folgen-des-Mini-Zins.html	8
c0a9a8cb959eabe9532fee0dc4dd1050	Mit dem soften Wellness-Trend lsst sich die berhitzte Keller-Sauna nicht mehr vereinbaren. Hersteller setzen deshalb auf mehr Design auf weniger Grundflche. Teurer wird es trotzdem.	2016-12-17 11:18:08	https://www.welt.de/img/finanzen/immobilien/mobile160387746/1131621917-ci23x11-w780/KLAFS-Zoom-Sauna-S1-Mark-Boettger-Leit-3.jpg	0	N24 Wirtschaft und Brse	Saunen sind jetzt kleiner und frs Wohnzimmer	https://www.welt.de/finanzen/immobilien/article160387747/Saunen-sind-jetzt-kleiner-und-fuers-Wohnzimmer.html	8
b920fbf63d7591f9156dfb48a5bd95a1	Der letzte Rckzugsort wird technisch aufgerstet. Wasserhhne mit Touch-Funktion gibt es schon. Jetzt kommen schlaue Zahnbrsten hinzu. Und Wandspiegel, die schon am Morgen mit ihrem Wissen prahlen.	2016-12-17 08:22:16	https://www.welt.de/img/finanzen/immobilien/mobile160373984/1671621237-ci23x11-w780/Mixed-race-woman-using-computer-in-mirror.jpg	0	N24 Wirtschaft und Brse	Der schlaue Spiegel im Bad sagt, wie das Wetter wird	https://www.welt.de/finanzen/immobilien/article160373985/Der-schlaue-Spiegel-im-Bad-sagt-wie-das-Wetter-wird.html	8
3b26d0e1b027911e0debab5f1b8b524d	Die US-Notenbank Fed hat den Leitzins um 0,25 Prozentpunkte angehoben. Er liegt damit nun zwischen 0,5 und 0,75 Prozent. Es handelt sich um die erste Zinserhhung durch die US-Notenbank seit einem Jahr.	2016-12-14 20:26:16	https://www.welt.de/img/wirtschaft/mobile160306076/5141628357-ci23x11-w780/Janet-Yellen.jpg	0	N24 Wirtschaft und Brse	Fed hebt Leitzins um 0,25 Prozentpunkte an	https://www.welt.de/wirtschaft/video160306127/Fed-hebt-Leitzins-um-0-25-Prozentpunkte-an.html	8
6dc6adb9adf7c61382e0ec08a3e29263	Die Anleihenblase ist geplatzt. Der Knall geht mit horrenden Verlusten fr Staaten und Private einher: Vier Billionen Dollar haben sich weltweit in Luft aufgelst. Fr die Deutschen endet eine ra.	2016-12-13 04:59:38	https://www.welt.de/img/finanzen/mobile160238320/8761621217-ci23x11-w780/3D-Illustration-growth-arrow-shape-with-symbols-of-percent-2.jpg	0	N24 Wirtschaft und Brse	Das pltzliche Ende der negativen Zinsen	https://www.welt.de/finanzen/article160236365/Das-ploetzliche-Ende-der-negativen-Zinsen.html	8
00cd2f86ed0602f017dc07f4aa46b1f8	Rasierwasser und Socken von der Schwiegermutter? Lieb gemeint - aber wo ist der Kassenbeleg? Wie werde ich das wieder los? Leider sind nicht alle Weihnachtsgeschenke umtauschbar.	2016-12-26 16:35:36	https://www.welt.de/img/finanzen/verbraucher/mobile160615078/5901625987-ci23x11-w780/Portrait-of-man-with-unwrapped-bad-gift.jpg	0	N24 Wirtschaft und Brse	Wie sie nervige Geschenke wieder loswerden	https://www.welt.de/videos/video160614914/Wie-sie-nervige-Geschenke-wieder-loswerden.html	8
fe476580c60e67cd9cab45c9fbd1347a	Trump, Brexit und Negativzinsen: Unser Finanzexperte fllt vorm Weihnachtsbaum in einen tiefen Schlaf, um die schlimmsten Ereignisse des Jahres nochmal zu erleben. Bis die Weihnachtskugeln platzen.	2016-12-25 08:24:25	https://www.welt.de/img/finanzen/mobile160579846/0071628087-ci23x11-w780/Christmas-tree-bauble-decoration.jpg	0	N24 Wirtschaft und Brse	Wer einkaufen geht, bekommt von der EZB Geld dafr	https://www.welt.de/finanzen/article160579848/Wer-einkaufen-geht-bekommt-von-der-EZB-Geld-dafuer.html	8
177dddf8903103d347127690901187a3	Mindestens ein Sonderzeichen, eine Zahl, Gro- und Keinschreibung - wie ein sicheres Passwort aussehen sollte, wissen wir alle. Trotzdem verwenden wir diese vllig unsicheren Passwrter fr Onlinekonten.	2016-12-22 17:44:54	https://www.welt.de/img/wirtschaft/webwelt/mobile160532847/0221629897-ci23x11-w780/Lieblingspasswort-jpg.jpg	0	N24 Wirtschaft und Brse	Das ist das beliebteste Passwort der Deutschen	https://www.welt.de/wirtschaft/webwelt/video160528742/Das-ist-das-beliebteste-Passwort-der-Deutschen.html	8
54d28893d988398ef46ad62a2bbb04b6	Das Bundeskabinett hat Erleichterungen fr eine umstrittene EU-Richtlinie fr Baukredite beschlossen. Haushalte mit kleinem Einkommen knnen sich wieder Hoffnung auf ein Darlehen machen.	2016-12-21 16:51:13	https://www.welt.de/img/finanzen/immobilien/mobile160502208/3631623637-ci23x11-w780/Hausbau-2.jpg	0	N24 Wirtschaft und Brse	Rentner und Familien haben wieder mehr Chancen auf Baugeld	https://www.welt.de/finanzen/immobilien/article160502209/Rentner-und-Familien-haben-wieder-mehr-Chancen-auf-Baugeld.html	8
13aed80bd72e2bf173ea6d932b4cc245	Trotz wirtschaftlicher Probleme, die sich im kommenden Jahr ergeben knnen, sieht Carsten Junius ein gutes Jahr voraus. Die Wirtschaft sei in Schwung. Trotzdem sind auch Kurskorrekturen mglich.	2016-12-19 13:17:00	https://www.welt.de/img/videos/mobile160430790/2161629517-ci23x11-w780/Junius-Boerse-jpg.jpg	0	N24 Wirtschaft und Brse	2017 wird ein gutes Jahr	https://www.welt.de/wirtschaft/video160429643/2017-wird-ein-gutes-Jahr.html	8
668b4c92223079639852dbe9ea75dc7d	Brnde, Glatteis, Einbrche: ber die Feiertage kann viel passieren, das die Weihnachtsstimmung erheblich trben kann. Verbraucher sollten vorsorgen  eine Versicherung allein reicht allerdings nicht.	2016-12-18 17:49:44	https://www.welt.de/img/incoming/mobile160409046/7221622637-ci23x11-w780/2407617-jpg.jpg	0	N24 Wirtschaft und Brse	So vermeiden Sie Frust unterm Weihnachtsbaum	https://www.welt.de/finanzen/verbraucher/article160409020/So-vermeiden-Sie-Frust-unterm-Weihnachtsbaum.html	8
3071d9741c6b3c5348d161ef260bc590	Die Fnf-Euro-Mnze mit blau schimmerndem Kunststoffring hat ihren Wert binnen einen halben Jahres verfnffacht. Wer sie verpasst hat, bekommt bald wieder die Chance  und zwar gleich mehrfach.	2016-12-17 12:07:08	https://www.welt.de/img/finanzen/mobile160387783/6181621247-ci23x11-w780/Fuenf-Euro-Muenze-Planet-Erde.jpg	0	N24 Wirtschaft und Brse	Diese Fnf-Euro-Mnze elektrisiert die Sammler	https://www.welt.de/finanzen/article160387785/Diese-Fuenf-Euro-Muenze-elektrisiert-die-Sammler.html	8
08a7d2dff25750f03380ed9fd2e9aa0b	Marmor ist zwar enorm schwer, wirkt massiv und archaisch, besitzt aber eine sehr individuelle Maserung. Und weil er auch noch so gut zu bearbeiten ist, greifen moderne Designer wieder darauf zurck.	2016-12-17 11:16:37	https://www.welt.de/img/finanzen/immobilien/mobile160387846/7521626297-ci23x11-w780/Von-angestaubt-und-protzig-zu-trendig-Marmormoebel-sind-im-Kommen.jpg	0	N24 Wirtschaft und Brse	Mbel aus Marmor sind wieder in Mode	https://www.welt.de/finanzen/immobilien/article160387847/Moebel-aus-Marmor-sind-wieder-in-Mode.html	8
b7ed8af6e18a32ad33eeec2f0d07c46e	An der Supermarktkasse schnell noch ein paar Scheine mitnehmen  diesen Service bietet nach Rewe und Netto jetzt auch Aldi Sd. Der klassische Geldautomat gert mehr und mehr ins Abseits.	2016-12-15 16:19:24	https://www.welt.de/img/finanzen/verbraucher/mobile160331056/7401622177-ci23x11-w780/ALDI-SUED-fuehrt-Bargeldauszahlung-ein.jpg	0	N24 Wirtschaft und Brse	Dank Aldi gibt es jetzt 7500 Geldautomaten mehr	https://www.welt.de/finanzen/verbraucher/article160331060/Dank-Aldi-gibt-es-jetzt-7500-Geldautomaten-mehr.html	8
c07ce8ef88dafef0e66a8ac288e00d61	Die Digitalisierung hat gravierende Auswirkungen auf die deutschen Innenstdte. Besonders auffllig ist, dass Ladenflchen immer fter leerstehen. Denn viele Menschen kaufen nur noch online ein.	2016-12-14 10:37:19	https://www.welt.de/img/finanzen/immobilien/mobile160274589/3701620847-ci23x11-w780/Customers-and-employees-of-a-shopping-mall-watch-a-demonstration-in-Frankfurt.jpg	0	N24 Wirtschaft und Brse	So verdet das Internet unsere Innenstdte	https://www.welt.de/finanzen/immobilien/article160274590/So-veroedet-das-Internet-unsere-Innenstaedte.html	8
b867bffc12d9a80c228afc2e09e90cc5	In den USA deutet sich eine Konfrontation zwischen Regierung und Notenbank an. Der Dollar schiet in die Hhe, der Euro durchbricht eine zentrale Barriere. Der Weg ist frei zur berchtigten Paritt.	2016-12-15 14:40:38	https://www.welt.de/img/finanzen/geldanlage/mobile160320964/8441624487-ci23x11-w780/Steven-Kaplan-Gregory-Rowe.jpg	0	N24 Wirtschaft und Brse	Euro strzt auf 14-Jahres-Tief nach historischer Zsur	https://www.welt.de/finanzen/geldanlage/article160320966/Euro-stuerzt-auf-14-Jahres-Tief-nach-historischer-Zaesur.html	8
0f5ac1fdac8b38f5ccfa34f091a92920	Die Flle an Konsumgtern stellt Kunden vor die Qual der Wahl. Laut einer Studie weichen potenzielle Kufer hufig aus, um sich nicht entscheiden zu mssen. Das kann bse Folgen fr Kunden und Anbieter haben.	2016-12-23 12:33:20	https://www.welt.de/img/wirtschaft/mobile160548244/7541624817-ci23x11-w780/GettyImages-543531368-1-jpg.jpg	0	N24 Wirtschaft und Brse	Die Qual der Wahl berfordert die Verbraucher	https://www.welt.de/wirtschaft/article160543407/Die-Qual-der-Wahl-ueberfordert-die-Verbraucher.html	8
7e0d809f6f6f6ea6fae52cdb36488917	Wer eine Wohnung mietet, muss nicht dort einziehen. Man kann die Wohnung auch leer lassen. Oder Hausrat darin verkaufen. Hauptsache, die Miete wird pnktlich bezahlt. Aber was ist mit Untervermietung?	2016-12-22 17:28:01	https://www.welt.de/img/finanzen/immobilien/mobile160519909/6991627097-ci23x11-w780/Bicycle-Parked-Against-Wall-In-Room.jpg	0	N24 Wirtschaft und Brse	Das drfen Mieter alles mit ihrer Wohnung machen	https://www.welt.de/finanzen/immobilien/article160519910/Das-duerfen-Mieter-alles-mit-ihrer-Wohnung-machen.html	8
343ac788ce8c3cff21b0f31bcfef7435	Die Brsen reagieren vllig gelassen auf die Bluttat von Berlin. Der Dax markiert ein Jahreshoch  und der Euro hustet ein wenig. Doch eines knnte die ruhige Lage am Aktienmarkt kippen lassen.	2016-12-20 19:14:37	https://www.welt.de/img/finanzen/mobile160482148/9861627337-ci23x11-w780/Trading-On-The-Floor-Of-The-NYSE-While-U-S-Stocks-Advance-As-Yen-Treasuries-2.jpg	0	N24 Wirtschaft und Brse	Wie sehr der Terror der Wirtschaft wirklich schadet	https://www.welt.de/finanzen/article160482149/Wie-sehr-der-Terror-der-Wirtschaft-wirklich-schadet.html	8
dcab1e69026da91209bcb2e42b4038dd	Hoffnung fr alle Sparer: Wer Geld zur Seite legt, wird bald wieder mit ordentlichem Zins belohnt. US-Notenbankchefin Yellen arbeitet daran mit Nachdruck. Psychologisch mssen sich Sparer umstellen.	2016-12-19 12:38:47	https://www.welt.de/img/finanzen/mobile160428708/7391629547-ci23x11-w780/DWO-FI-Zinsen-USA-Teaser-cw.jpg	0	N24 Wirtschaft und Brse	Macht Amerikas Zinswende die deutschen Sparer glcklich?	https://www.welt.de/finanzen/article160393274/Macht-Amerikas-Zinswende-die-deutschen-Sparer-gluecklich.html	8
7e7e6b7126c4f0c782abb8db29cca6cd	Zahlt ein Kumpel das geliehene Geld nicht zurck? Hat das Autohaus noch immer nicht rckberwiesen? Zu Silvester verjhren alle Forderungen aus 2013. Wer das verhindern will, sollte jetzt vorsorgen.	2016-12-18 13:54:15	https://www.welt.de/img/finanzen/verbraucher/mobile160403468/8431622607-ci23x11-w780/82807542-JPG.jpg	0	N24 Wirtschaft und Brse	So knnen Sie vor Silvester noch Ihr Geld retten	https://www.welt.de/finanzen/verbraucher/article160402143/So-koennen-Sie-vor-Silvester-noch-Ihr-Geld-retten.html	8
dd551c7706d025cdbbd7165a6a9294e0	Immer noch sind Scheine und Mnzen im Wert von fast 13 Milliarden DM im Umlauf. Dabei ist die D-Mark seit 2002 kein Zahlungsmittel mehr. Viel von dem Geld ist wohl unwiederbringlich verloren.	2016-12-18 07:03:37	https://www.welt.de/img/finanzen/mobile160389678/2021629447-ci23x11-w780/GettyImages-BC5853-005-jpg.jpg	0	N24 Wirtschaft und Brse	Die Bundesbank vermisst fast 13 Milliarden Mark	https://www.welt.de/wirtschaft/video160391931/Die-Bundesbank-vermisst-fast-13-Milliarden-Mark.html	8
577e0dc01646ee6faaa64c438cdf6c28	Ein schwacher Euro gilt als Konjunktur-Elixier. Doch der kleine Mann, sofern er nicht in einem Weltkonzern mit starkem Ausfuhrgeschft arbeitet, hat nicht viel davon. Clevere Verbraucher handeln jetzt.	2016-12-16 09:52:06	https://www.welt.de/img/finanzen/mobile160341151/5111622017-ci23x11-w780/One-euro-coin-becomes-soft-and-liquid.jpg	0	N24 Wirtschaft und Brse	So retten Sie Ihr Geld vor der Euro-Schmelze	https://www.welt.de/finanzen/article160341152/So-retten-Sie-Ihr-Geld-vor-der-Euro-Schmelze.html	8
41c554273d3b645329bbbff4175c5024	Von der amerikanischen Notenbank wird eine Zinsanhebung erwartet. Es wre erst die zweite Erhhung in zehn Jahren. Anlagestratege Ascan Iredi erwartet nur eine leichte Erhhung der Leitzinsen um 0,25 Prozent.	2016-12-14 14:33:05	https://www.welt.de/img/wirtschaft/mobile160288076/9131620187-ci23x11-w780/Iredi-JPG.jpg	0	N24 Wirtschaft und Brse	Auch der Staat braucht niedrige Zinsen	https://www.welt.de/wirtschaft/video160284850/Auch-der-Staat-braucht-niedrige-Zinsen.html	8
1ca6c29121511b67cad62a11ee4a189f	Die Zinsen steigen wieder. Damit verteuern sich auch die Kredite fr Huser und Eigentumswohnungen. Doch sich jetzt bereilt fr ein Objekt zu entscheiden, knnte ein fataler Fehler sein.	2016-12-21 07:48:31	https://www.welt.de/img/finanzen/mobile160458547/2741621937-ci23x11-w780/GettyImages-a0122-000245b-jpg.jpg	0	N24 Wirtschaft und Brse	Jetzt blo keine Panik beim Hauskauf bekommen	https://www.welt.de/finanzen/article160433615/Jetzt-bloss-keine-Panik-beim-Hauskauf-bekommen.html	8
5df096076bdf0126daaa873db6c96c6c	A new study using a NASA satellite instrument orbiting Earth has found that small, environmental changes in polar food webs significantly influence the boom-and-bust, or peak and decline, cycles of phytoplankton.	2016-12-20 21:15:00	http://www.nasa.gov/sites/default/files/styles/1x1_cardfeed/public/thumbnails/image/nature_geoscience_cover_no-text_v3_8-5x11.jpg?itok=S8cDJupv	1	Nasa Breaking News	Space Laser Reveals Boom-and-Bust Cycle of Polar Ocean Plants	http://www.nasa.gov/press-release/space-laser-reveals-boom-and-bust-cycle-of-polar-ocean-plants	8
1c04616f3994fa6df9774e03d96083ed	Bckebrg (mt/mei). Eine 24-jhrige Autofahrerin aus dem Extertal ist nach Polizeiangaben am Sonntagabend gegen 22.45 Uhr auf dem Parkplatz am Bahnhof Bckeburg von einem mnnlichen Fugnger in ihrem Pkw bedrngt worden. Der Mann klopfte an die Beifahrerfensterscheibe und fragte die Frau nach einer Mitfahrgelegenheit, die er auch bezahlen wollte. Die junge Frau verneinte die Bitte durch die leicht heruntergelassene Scheibe des Beifahrerfensters. Wie die Polizei mitteilt...	2017-01-09 11:40:00	http://www.mt.de/_em_daten/_cache/image/1x3ZnbYKwoT56BI_pXlBJ8dhPA6lyNKQ-L0CwavkJA2tPTPibgAzqEz8i8Gs-rGBbHuPmJGuxkJ7BZcqbFyR86eg/170109_1141_img_6208.jpg	-1	Mindener Tageblatt - Regionales	24-jhrige Autofahrerin auf Bckeburger Bahnhof bedrngt	http://www.mt.de/lokales/regionales/21538805_24-jaehrige-Autofahrerin-auf-Bueckeburger-Bahnhof-bedraengt.html	8
37e61d1b270559bea728ede351e4d134	Der Nachfrage nach Wohnungen oder Husern ist so gro, dass die Verbraucher den Baufirmen geplante Projekte aus den Hnden reien. Die Unternehmen nutzen das mit fragwrdigen Vertragsklauseln aus.	2017-01-09 07:54:55	https://www.welt.de/img/finanzen/immobilien/mobile160991066/7121621147-ci23x11-w780/Verputzen-einer-Fassade-an-einem-Neubau.jpg	2	N24 Wirtschaft und Brse	So missbrauchen Baufirmen den Traum vom eigenen Haus	https://www.welt.de/finanzen/immobilien/article160986339/So-missbrauchen-Baufirmen-den-Traum-vom-eigenen-Haus.html	8
77d1535893921caf7384ff130206bf19	Universitt und Fachhochschule Bielefeld kooperieren mit regionalen Unternehmen Stadtwerke Bielefeld und Biogas Nord AGHeute ...	2017-01-09 12:20:00	http://www.juraforum.de/bilder/x,qelement=nachrichten,aid=456773.pagespeed.ic.WdAn_UaQnY.jpg	-1	Jura Forum	Bielefelder Konferenz Gender 2020  Kulturwandel in der Wissenschaft steuern	http://www.juraforum.de/wissenschaft/bielefelder-konferenz-gender-2020-kulturwandel-in-der-wissenschaft-steuern-579392	1
374b5c98c561a380a4b9c5ecff3c3417	Bielefeld (mt/zim). Bei einer Spontanberprfung auf der Rathaus-Baustelle in Bielefeld haben Zollbeamte der Finanzkontrolle Schwarzarbeit festgestellt, dass drei Arbeiter illegal beschftigt sind. Wie das Hauptzollamt Bielefeld mitteilt, handelt es sich bei den drei Arbeitern um Flchtlinge aus Syrien, die sich noch im laufenden Asylverfahren befinden und ber keine Arbeitserlaubnis verfgen. Gegen die drei Mnner wurde ein Strafverfahren eingeleitet...	2017-01-09 11:22:00	http://www.mt.de/_em_daten/_cache/image/1x3ZnbYKwoT55XCYA5NAoCpjuuS6zhpjIkSaO9HDyzD9GEJDh7Em3BMoHNLCRLiXHVfgTLMCm3eKL1pU7hsRPgvoRjc4Fddwkh2kE56Og2qzc/170109_1133_zoll_baut_zusammenar_51490508.jpg	1	Mindener Tageblatt - Regionales	Zoll decktillegale Beschftigung auf Rathaus-Baustelle in Bielefeld auf	http://www.mt.de/lokales/regionales/21538795_Zoll-decktillegale-Beschaeftigung-auf-Rathaus-Baustelle-in-Bielefeld-auf.html	8
\.


--
-- Data for Name: view; Type: TABLE DATA; Schema: public; Owner: -
--

COPY view (id, description, name) FROM stdin;
7	Neuigkeiten rund um den Campus in Minden und der Fachhochschule Bielefeld.	Campus Minden Newsboard
9	Alle Crawler und Analyzer des KI Master Studiengangs.	KI-Master Labor Ansicht
\.


--
-- Data for Name: view_crawler; Type: TABLE DATA; Schema: public; Owner: -
--

COPY view_crawler (views_id, crawlers_id) FROM stdin;
\.


--
-- Data for Name: view_groupset; Type: TABLE DATA; Schema: public; Owner: -
--

COPY view_groupset (views_id, groupsets_id) FROM stdin;
7	6
\.


--
-- Name: analyzer_pkey; Type: CONSTRAINT; Schema: public; Owner: -; Tablespace: 
--

ALTER TABLE ONLY analyzer
    ADD CONSTRAINT analyzer_pkey PRIMARY KEY (id);


--
-- Name: analyzerresult_pkey; Type: CONSTRAINT; Schema: public; Owner: -; Tablespace: 
--

ALTER TABLE ONLY analyzerresult
    ADD CONSTRAINT analyzerresult_pkey PRIMARY KEY (newsentry_id, analyzer_id);


--
-- Name: analyzersentenceresult_pkey; Type: CONSTRAINT; Schema: public; Owner: -; Tablespace: 
--

ALTER TABLE ONLY analyzersentenceresult
    ADD CONSTRAINT analyzersentenceresult_pkey PRIMARY KEY (charstart, analyzerresult_newsentry_id, analyzerresult_analyzer_id);


--
-- Name: crawler_pkey; Type: CONSTRAINT; Schema: public; Owner: -; Tablespace: 
--

ALTER TABLE ONLY crawler
    ADD CONSTRAINT crawler_pkey PRIMARY KEY (id);


--
-- Name: groupset_analyzer_pkey; Type: CONSTRAINT; Schema: public; Owner: -; Tablespace: 
--

ALTER TABLE ONLY groupset_analyzer
    ADD CONSTRAINT groupset_analyzer_pkey PRIMARY KEY (groupsets_id, analyzers_id);


--
-- Name: groupset_pkey; Type: CONSTRAINT; Schema: public; Owner: -; Tablespace: 
--

ALTER TABLE ONLY groupset
    ADD CONSTRAINT groupset_pkey PRIMARY KEY (id);


--
-- Name: newsentry_pkey; Type: CONSTRAINT; Schema: public; Owner: -; Tablespace: 
--

ALTER TABLE ONLY newsentry
    ADD CONSTRAINT newsentry_pkey PRIMARY KEY (id);


--
-- Name: uk_bh50vi0l21p4q3438b32p4l3x; Type: CONSTRAINT; Schema: public; Owner: -; Tablespace: 
--

ALTER TABLE ONLY analyzer
    ADD CONSTRAINT uk_bh50vi0l21p4q3438b32p4l3x UNIQUE (token);


--
-- Name: uk_djf27u5ygtyak23x7gymd54n2; Type: CONSTRAINT; Schema: public; Owner: -; Tablespace: 
--

ALTER TABLE ONLY crawler
    ADD CONSTRAINT uk_djf27u5ygtyak23x7gymd54n2 UNIQUE (token);


--
-- Name: view_crawler_pkey; Type: CONSTRAINT; Schema: public; Owner: -; Tablespace: 
--

ALTER TABLE ONLY view_crawler
    ADD CONSTRAINT view_crawler_pkey PRIMARY KEY (views_id, crawlers_id);


--
-- Name: view_groupset_pkey; Type: CONSTRAINT; Schema: public; Owner: -; Tablespace: 
--

ALTER TABLE ONLY view_groupset
    ADD CONSTRAINT view_groupset_pkey PRIMARY KEY (views_id, groupsets_id);


--
-- Name: view_pkey; Type: CONSTRAINT; Schema: public; Owner: -; Tablespace: 
--

ALTER TABLE ONLY view
    ADD CONSTRAINT view_pkey PRIMARY KEY (id);


--
-- Name: fk6h5w6xie4bfpajf9f3u4o8wew; Type: FK CONSTRAINT; Schema: public; Owner: -
--

ALTER TABLE ONLY view_crawler
    ADD CONSTRAINT fk6h5w6xie4bfpajf9f3u4o8wew FOREIGN KEY (crawlers_id) REFERENCES crawler(id);


--
-- Name: fk727deesaj13tebu4twsbb64er; Type: FK CONSTRAINT; Schema: public; Owner: -
--

ALTER TABLE ONLY groupset_analyzer
    ADD CONSTRAINT fk727deesaj13tebu4twsbb64er FOREIGN KEY (groupsets_id) REFERENCES groupset(id);


--
-- Name: fk8m62x3lpjwx9tsjt619qkvero; Type: FK CONSTRAINT; Schema: public; Owner: -
--

ALTER TABLE ONLY view_groupset
    ADD CONSTRAINT fk8m62x3lpjwx9tsjt619qkvero FOREIGN KEY (groupsets_id) REFERENCES groupset(id);


--
-- Name: fkat16tl5p5aacph1ygotu9ngbh; Type: FK CONSTRAINT; Schema: public; Owner: -
--

ALTER TABLE ONLY analyzerresult
    ADD CONSTRAINT fkat16tl5p5aacph1ygotu9ngbh FOREIGN KEY (newsentry_id) REFERENCES newsentry(id);


--
-- Name: fkfiwag9qm9kojono01omn8dxnm; Type: FK CONSTRAINT; Schema: public; Owner: -
--

ALTER TABLE ONLY view_groupset
    ADD CONSTRAINT fkfiwag9qm9kojono01omn8dxnm FOREIGN KEY (views_id) REFERENCES view(id);


--
-- Name: fkhybxypkv25ngrnvyp9ol7xovx; Type: FK CONSTRAINT; Schema: public; Owner: -
--

ALTER TABLE ONLY analyzerresult
    ADD CONSTRAINT fkhybxypkv25ngrnvyp9ol7xovx FOREIGN KEY (analyzer_id) REFERENCES analyzer(id);


--
-- Name: fkj8el9rxa2fxu6vl8r3vlr0kp1; Type: FK CONSTRAINT; Schema: public; Owner: -
--

ALTER TABLE ONLY view_crawler
    ADD CONSTRAINT fkj8el9rxa2fxu6vl8r3vlr0kp1 FOREIGN KEY (views_id) REFERENCES view(id);


--
-- Name: fkpa54euqj41n1qj0srhy8mancb; Type: FK CONSTRAINT; Schema: public; Owner: -
--

ALTER TABLE ONLY analyzersentenceresult
    ADD CONSTRAINT fkpa54euqj41n1qj0srhy8mancb FOREIGN KEY (analyzerresult_newsentry_id, analyzerresult_analyzer_id) REFERENCES analyzerresult(newsentry_id, analyzer_id);


--
-- Name: fkpnw304uqvfto8wry0ijgwuqqw; Type: FK CONSTRAINT; Schema: public; Owner: -
--

ALTER TABLE ONLY newsentry
    ADD CONSTRAINT fkpnw304uqvfto8wry0ijgwuqqw FOREIGN KEY (crawler_id) REFERENCES crawler(id);


--
-- Name: fks7gd0ljd69sm40origb5sfxm0; Type: FK CONSTRAINT; Schema: public; Owner: -
--

ALTER TABLE ONLY groupset_analyzer
    ADD CONSTRAINT fks7gd0ljd69sm40origb5sfxm0 FOREIGN KEY (analyzers_id) REFERENCES analyzer(id);


--
-- PostgreSQL database dump complete
--

